split,seed,relation,disease_id,variant,auprc,auroc,n_pos,n_candidates,dd_degree_train,kg_degree,spearman_A_B,tag
cardiovascular,1,indication,6955.0,p_A,0.02962447215594075,0.9113098565306503,9,1798,0.0,4.0,0.520310377895966,varA
cardiovascular,1,indication,6955.0,p_B,0.004623601254446607,0.43450717346748646,9,1798,0.0,4.0,0.520310377895966,varA
cardiovascular,1,indication,6955.0,fuse_rankavg,0.008760132711054884,0.7072852617849823,9,1798,0.0,4.0,0.520310377895966,varA
cardiovascular,1,indication,5009.0,p_A,0.02877487520939049,0.5900644963144963,22,1798,0.0,92.0,0.21753726471862503,varA
cardiovascular,1,indication,5009.0,p_B,0.018342381111782647,0.6741144553644554,22,1798,0.0,92.0,0.21753726471862503,varA
cardiovascular,1,indication,5009.0,fuse_rankavg,0.020792042419652268,0.6726172194922195,22,1798,0.0,92.0,0.21753726471862503,varA
cardiovascular,1,indication,5044.0,p_A,0.0430894558248927,0.2383194432511384,103,1798,0.0,19.0,0.4899682961962724,varA
cardiovascular,1,indication,5044.0,p_B,0.037957748160179404,0.2963427556777501,103,1798,0.0,19.0,0.4899682961962724,varA
cardiovascular,1,indication,5044.0,fuse_rankavg,0.03698007610729219,0.2337371480940516,103,1798,0.0,19.0,0.4899682961962724,varA
cardiovascular,1,indication,2277.0,p_A,0.03321410050649197,0.8092047539283719,7,1798,0.0,97.0,0.1000654801881358,varA
cardiovascular,1,indication,2277.0,p_B,0.008456018601130622,0.7342266890005583,7,1798,0.0,97.0,0.1000654801881358,varA
cardiovascular,1,indication,2277.0,fuse_rankavg,0.043608303918267,0.8497248145489351,7,1798,0.0,97.0,0.1000654801881358,varA
cardiovascular,1,indication,5311.0,p_A,0.013042038682969935,0.7863922788545904,7,1798,0.0,99.0,0.24655079996103035,varA
cardiovascular,1,indication,5311.0,p_B,0.004622026625303436,0.5372896227167584,7,1798,0.0,99.0,0.24655079996103035,varA
cardiovascular,1,indication,5311.0,fuse_rankavg,0.010040785589866276,0.7294009731195661,7,1798,0.0,99.0,0.24655079996103035,varA
cardiovascular,1,indication,5068.0,p_A,0.09534875588050284,0.9011862617228744,9,1798,0.0,83.0,0.09901046282719111,varA
cardiovascular,1,indication,5068.0,p_B,0.003956065428982492,0.3501645860505559,9,1798,0.0,83.0,0.09901046282719111,varA
cardiovascular,1,indication,5068.0,fuse_rankavg,0.008650685100124424,0.669896279734178,9,1798,0.0,83.0,0.09901046282719111,varA
cardiovascular,1,indication,6716.0,p_A,0.1576729748995984,0.9088876467300169,9,1798,0.0,87.0,0.3146381277504124,varA
cardiovascular,1,indication,6716.0,p_B,0.006462209077471053,0.5952425315197813,9,1798,0.0,87.0,0.3146381277504124,varA
cardiovascular,1,indication,6716.0,fuse_rankavg,0.020027848774270794,0.8285510216756723,9,1798,0.0,87.0,0.3146381277504124,varA
cardiovascular,1,indication,831.0,p_A,0.016114224458171473,0.6919220055710307,3,1798,0.0,9.0,0.056558523340850264,varA
cardiovascular,1,indication,831.0,p_B,0.0016720618673685763,0.35580315691736303,3,1798,0.0,9.0,0.056558523340850264,varA
cardiovascular,1,indication,831.0,fuse_rankavg,0.0027078605113159938,0.5430826369545032,3,1798,0.0,9.0,0.056558523340850264,varA
cardiovascular,1,indication,6809.0,p_A,0.009510638878652635,0.7134633240482822,3,1798,0.0,1.0,-0.20947567693246896,varA
cardiovascular,1,indication,6809.0,p_B,0.003374971089884927,0.5316620241411327,3,1798,0.0,1.0,-0.20947567693246896,varA
cardiovascular,1,indication,6809.0,fuse_rankavg,0.009355863345528164,0.6661095636025998,3,1798,0.0,1.0,-0.20947567693246896,varA
cardiovascular,1,indication,4981.0,p_A,0.03127274334441336,0.8215887251761691,14,1798,0.0,132.0,0.07319664925048343,varA
cardiovascular,1,indication,4981.0,p_B,0.0069289426797686125,0.4082319026265214,14,1798,0.0,132.0,0.07319664925048343,varA
cardiovascular,1,indication,4981.0,fuse_rankavg,0.012417569556140769,0.6663997437540038,14,1798,0.0,132.0,0.07319664925048343,varA
cardiovascular,1,indication,6021.0,p_A,0.0030877337813156377,0.4730619074177356,5,1798,0.0,1.0,0.9429210672324931,varA
cardiovascular,1,indication,6021.0,p_B,0.002747457769899059,0.4082543223647518,5,1798,0.0,1.0,0.9429210672324931,varA
cardiovascular,1,indication,6021.0,fuse_rankavg,0.002890996011830753,0.43379810373675404,5,1798,0.0,1.0,0.9429210672324931,varA
cardiovascular,1,indication,6981.0,p_A,0.005259335388579033,0.504999689460282,9,1798,0.0,51.0,-0.02939799578607468,varA
cardiovascular,1,indication,6981.0,p_B,0.004694379758742646,0.4259983851934662,9,1798,0.0,51.0,-0.02939799578607468,varA
cardiovascular,1,indication,6981.0,fuse_rankavg,0.00467127826406607,0.44155642506676607,9,1798,0.0,51.0,-0.02939799578607468,varA
cardiovascular,1,indication,24573.0,p_A,0.014084507042253521,0.9610461880912633,1,1798,0.0,15.0,0.47560539358918347,varA
cardiovascular,1,indication,24573.0,p_B,0.01639344262295082,0.9666110183639399,1,1798,0.0,15.0,0.47560539358918347,varA
cardiovascular,1,indication,24573.0,fuse_rankavg,0.05263157894736842,0.9899833055091819,1,1798,0.0,15.0,0.47560539358918347,varA
cardiovascular,1,indication,5279.0,p_A,0.01866286674187711,0.5424191437651898,15,1798,0.0,11.0,0.02527713344766715,varA
cardiovascular,1,indication,5279.0,p_B,0.019637588718242897,0.6693961488128622,15,1798,0.0,11.0,0.02527713344766715,varA
cardiovascular,1,indication,5279.0,fuse_rankavg,0.01677028763083635,0.6352776219854179,15,1798,0.0,11.0,0.02527713344766715,varA
cardiovascular,1,indication,11057.0,p_A,0.03956421915790885,0.8336134453781513,13,1798,0.0,30.0,-0.1561656923790912,varA
cardiovascular,1,indication,11057.0,p_B,0.010225432512440069,0.5819004524886878,13,1798,0.0,30.0,-0.1561656923790912,varA
cardiovascular,1,indication,11057.0,fuse_rankavg,0.035710077210247756,0.8287438052143935,13,1798,0.0,30.0,-0.1561656923790912,varA
cardiovascular,1,indication,2679.0,p_A,0.01483100366475688,0.8417597765363128,8,1798,0.0,10.0,0.06030618923600542,varA
cardiovascular,1,indication,2679.0,p_B,0.005098920825735371,0.5444832402234637,8,1798,0.0,10.0,0.06030618923600542,varA
cardiovascular,1,indication,2679.0,fuse_rankavg,0.011640682574368226,0.7858938547486034,8,1798,0.0,10.0,0.06030618923600542,varA
cardiovascular,1,indication,5294.0,p_A,0.004608518422577541,0.5609592861126602,5,1798,0.0,9.0,-0.36978200099512964,varA
cardiovascular,1,indication,5294.0,p_B,0.0033111446730229085,0.5252649191299499,5,1798,0.0,9.0,-0.36978200099512964,varA
cardiovascular,1,indication,5294.0,fuse_rankavg,0.004555160761706031,0.6041829336307863,5,1798,0.0,9.0,-0.36978200099512964,varA
cardiovascular,1,indication,5386.0,p_A,0.004998898394677192,0.6518683770217513,5,1798,0.0,3.0,-0.07021510142913637,varA
cardiovascular,1,indication,5386.0,p_B,0.0030582867403651085,0.46134969325153374,5,1798,0.0,3.0,-0.07021510142913637,varA
cardiovascular,1,indication,5386.0,fuse_rankavg,0.0046389569889999285,0.5875627440044618,5,1798,0.0,3.0,-0.07021510142913637,varA
cardiovascular,1,indication,5295.0,p_A,0.005271415492189062,0.6447172619047619,6,1798,0.0,2.0,0.9374763479687213,varA
cardiovascular,1,indication,5295.0,p_B,0.003594478335172361,0.49135044642857145,6,1798,0.0,2.0,0.9374763479687213,varA
cardiovascular,1,indication,5295.0,fuse_rankavg,0.004205201129298536,0.5684523809523809,6,1798,0.0,2.0,0.9374763479687213,varA
cardiovascular,1,indication,9934.0,p_A,0.04837602479111913,0.9524605385329619,3,1798,0.0,4.0,0.38261292327456453,varA
cardiovascular,1,indication,9934.0,p_B,0.005720037253697425,0.8137418755803157,3,1798,0.0,4.0,0.38261292327456453,varA
cardiovascular,1,indication,9934.0,fuse_rankavg,0.01718505665874087,0.9390900649953575,3,1798,0.0,4.0,0.38261292327456453,varA
cardiovascular,1,indication,5385.0,p_A,0.016777935607682818,0.744661095636026,3,1798,0.0,30.0,0.008898752071523276,varA
cardiovascular,1,indication,5385.0,p_B,0.002013612769579349,0.42896935933147634,3,1798,0.0,30.0,0.008898752071523276,varA
cardiovascular,1,indication,5385.0,fuse_rankavg,0.0029794662024472595,0.6408542246982358,3,1798,0.0,30.0,0.008898752071523276,varA
cardiovascular,1,indication,11479.0,p_A,0.0032958835708196323,0.7527839643652561,2,1798,0.0,5.0,-0.15842829876538903,varA
cardiovascular,1,indication,11479.0,p_B,0.008178963893249607,0.8830734966592427,2,1798,0.0,5.0,-0.15842829876538903,varA
cardiovascular,1,indication,11479.0,fuse_rankavg,0.017690058479532166,0.9459910913140313,2,1798,0.0,5.0,-0.15842829876538903,varA
cardiovascular,1,indication,8364.0,p_A,0.003985249068884204,0.7536191536748329,2,1798,0.0,5.0,0.289589483577155,varA
cardiovascular,1,indication,8364.0,p_B,0.00498763800151771,0.8234966592427617,2,1798,0.0,5.0,0.289589483577155,varA
cardiovascular,1,indication,8364.0,fuse_rankavg,0.009264475743348983,0.8557906458797326,2,1798,0.0,5.0,0.289589483577155,varA
cardiovascular,1,indication,5267.0,p_A,0.00076103500761035,0.26933778519755147,1,1798,0.0,59.0,-0.15223995924238465,varA
cardiovascular,1,indication,5267.0,p_B,0.0007052186177715092,0.21146355036171394,1,1798,0.0,59.0,-0.15223995924238465,varA
cardiovascular,1,indication,5267.0,fuse_rankavg,0.0006064281382656155,0.08291597106288262,1,1798,0.0,59.0,-0.15223995924238465,varA
cardiovascular,1,indication,4995.0,p_A,0.0008733624454148472,0.36338341680578745,1,1798,0.0,4.0,0.15383926218857072,varA
cardiovascular,1,indication,4995.0,p_B,0.0012330456226880395,0.5492487479131887,1,1798,0.0,4.0,0.15383926218857072,varA
cardiovascular,1,indication,4995.0,fuse_rankavg,0.0009107468123861566,0.38981636060100167,1,1798,0.0,4.0,0.15383926218857072,varA
cardiovascular,1,indication,5264.0,p_A,0.02040965070941207,0.7626811594202898,4,1798,0.0,50.0,-0.0912775332588289,varA
cardiovascular,1,indication,5264.0,p_B,0.003965593279202034,0.5922519509476031,4,1798,0.0,50.0,-0.0912775332588289,varA
cardiovascular,1,indication,5264.0,fuse_rankavg,0.006956708144013245,0.8042084726867336,4,1798,0.0,50.0,-0.0912775332588289,varA
cardiovascular,1,indication,5299.0,p_A,0.01055617390515252,0.6806020066889632,4,1798,0.0,56.0,0.09973554818530629,varA
cardiovascular,1,indication,5299.0,p_B,0.0026584471351064048,0.43004459308807136,4,1798,0.0,56.0,0.09973554818530629,varA
cardiovascular,1,indication,5299.0,fuse_rankavg,0.003381974664069717,0.5796404682274248,4,1798,0.0,56.0,0.09973554818530629,varA
cardiovascular,1,indication,5010.0,p_A,0.16666666666666666,0.9972175848636617,1,1798,0.0,216.0,0.5264862441334636,varA
cardiovascular,1,indication,5010.0,p_B,0.25,0.998330550918197,1,1798,0.0,216.0,0.5264862441334636,varA
cardiovascular,1,indication,5010.0,fuse_rankavg,1.0,1.0,1,1798,0.0,216.0,0.5264862441334636,varA
cardiovascular,1,indication,465.0,p_A,0.0008658008658008658,0.3578185865331107,1,1798,0.0,11.0,0.0720928708017855,varA
cardiovascular,1,indication,465.0,p_B,0.0007587253414264037,0.26711185308848084,1,1798,0.0,11.0,0.0720928708017855,varA
cardiovascular,1,indication,465.0,fuse_rankavg,0.0006988120195667365,0.20422927100723431,1,1798,0.0,11.0,0.0720928708017855,varA
cardiovascular,1,indication,745.0,p_A,0.0030670802145110814,0.4035528273809524,6,1798,0.0,6.0,0.2894158312430415,varA
cardiovascular,1,indication,745.0,p_B,0.00472917326500195,0.5864955357142857,6,1798,0.0,6.0,0.2894158312430415,varA
cardiovascular,1,indication,745.0,fuse_rankavg,0.0036368446762583503,0.49116443452380953,6,1798,0.0,6.0,0.2894158312430415,varA
cardiovascular,1,indication,19514.0,p_A,0.07692307692307693,0.993322203672788,1,1798,0.0,4.0,0.7635482048610986,varA
cardiovascular,1,indication,19514.0,p_B,0.002288329519450801,0.7573734001112965,1,1798,0.0,4.0,0.7635482048610986,varA
cardiovascular,1,indication,19514.0,fuse_rankavg,0.005813953488372093,0.9051196438508625,1,1798,0.0,4.0,0.7635482048610986,varA
cardiovascular,1,indication,8542.0,p_A,0.004484304932735426,0.8764607679465776,1,1798,0.0,16.0,0.5597004354578884,varA
cardiovascular,1,indication,8542.0,p_B,0.004761904761904762,0.8836950473010574,1,1798,0.0,16.0,0.5597004354578884,varA
cardiovascular,1,indication,8542.0,fuse_rankavg,0.008403361344537815,0.934613244296049,1,1798,0.0,16.0,0.5597004354578884,varA
cardiovascular,1,indication,11514.0,p_A,0.003067484662576687,0.8191430161380078,1,1798,0.0,2.0,0.5342251731076192,varA
cardiovascular,1,indication,11514.0,p_B,0.015384615384615385,0.9643850862548692,1,1798,0.0,2.0,0.5342251731076192,varA
cardiovascular,1,indication,11514.0,fuse_rankavg,0.009523809523809525,0.9426822481914301,1,1798,0.0,2.0,0.5342251731076192,varA
cardiovascular,1,indication,8889.0,p_A,0.015151515151515152,0.9638286032276016,1,1798,0.0,2.0,0.5789465288264259,varA
cardiovascular,1,indication,8889.0,p_B,0.000731528895391368,0.23984418475236502,1,1798,0.0,2.0,0.5789465288264259,varA
cardiovascular,1,indication,8889.0,fuse_rankavg,0.0013908205841446453,0.6007234279354479,1,1798,0.0,2.0,0.5789465288264259,varA
cardiovascular,1,indication,8638.0,p_A,0.007365955231650182,0.8905902004454342,2,1798,0.0,9.0,-0.22107777875276088,varA
cardiovascular,1,indication,8638.0,p_B,0.01016733535570995,0.7268930957683741,2,1798,0.0,9.0,-0.22107777875276088,varA
cardiovascular,1,indication,8638.0,fuse_rankavg,0.12818471337579618,0.9123051224944321,2,1798,0.0,9.0,-0.22107777875276088,varA
cardiovascular,1,indication,6812.0,p_A,0.0037640782454060467,0.7410913140311803,2,1798,0.0,6.0,-0.08856414173286369,varA
cardiovascular,1,indication,6812.0,p_B,0.003677477537659909,0.7625278396436526,2,1798,0.0,6.0,-0.08856414173286369,varA
cardiovascular,1,indication,6812.0,fuse_rankavg,0.023751202869390253,0.8560690423162584,2,1798,0.0,6.0,-0.08856414173286369,varA
cardiovascular,1,indication,6658.0,p_A,0.0007067137809187279,0.21313299944351694,1,1798,0.0,50.0,0.5553774453038399,varA
cardiovascular,1,indication,6658.0,p_B,0.000819000819000819,0.32109070673344464,1,1798,0.0,50.0,0.5553774453038399,varA
cardiovascular,1,indication,6658.0,fuse_rankavg,0.0007230657989877079,0.2309404563160824,1,1798,0.0,50.0,0.5553774453038399,varA
cardiovascular,1,indication,5081.0,p_A,0.0007507507507507507,0.2593210907067335,1,1798,0.0,4.0,0.24420321826771604,varA
cardiovascular,1,indication,5081.0,p_B,0.002145922746781116,0.7412353923205343,1,1798,0.0,4.0,0.24420321826771604,varA
cardiovascular,1,indication,5081.0,fuse_rankavg,0.001049317943336831,0.4705063995548136,1,1798,0.0,4.0,0.24420321826771604,varA
cardiovascular,1,indication,1641.0,p_A,0.00558659217877095,0.900946021146355,1,1798,0.0,2.0,0.23633468293448445,varA
cardiovascular,1,indication,1641.0,p_B,0.0021231422505307855,0.7384529771841959,1,1798,0.0,2.0,0.23633468293448445,varA
cardiovascular,1,indication,1641.0,fuse_rankavg,0.005952380952380952,0.9070673344462994,1,1798,0.0,2.0,0.23633468293448445,varA
cardiovascular,1,indication,1072.0,p_A,0.0005561735261401557,0.5,1,1798,0.0,0.0,,varA
cardiovascular,1,indication,1072.0,p_B,0.0005561735261401557,0.5,1,1798,0.0,0.0,,varA
cardiovascular,1,indication,1072.0,fuse_rankavg,0.0005561735261401557,0.5,1,1798,0.0,0.0,,varA
cardiovascular,1,indication,945.0,p_A,0.0010638297872340426,0.4785754034501948,1,1798,0.0,4.0,0.9296740350914581,varA
cardiovascular,1,indication,945.0,p_B,0.0011494252873563218,0.5175292153589316,1,1798,0.0,4.0,0.9296740350914581,varA
cardiovascular,1,indication,945.0,fuse_rankavg,0.0011001100110011,0.4958263772954925,1,1798,0.0,4.0,0.9296740350914581,varA
cardiovascular,1,contraindication,19180.0,p_A,0.3303703401236546,0.760569105691057,32,1262,0.0,17.0,0.24860445025881833,varA
cardiovascular,1,contraindication,19180.0,p_B,0.030257160533584744,0.45358231707317076,32,1262,0.0,17.0,0.24860445025881833,varA
cardiovascular,1,contraindication,19180.0,fuse_rankavg,0.047608352470329754,0.631567581300813,32,1262,0.0,17.0,0.24860445025881833,varA
cardiovascular,1,contraindication,5044.0,p_A,0.5343913230388955,0.7802581987482307,307,1262,0.0,19.0,0.5556821001814672,varA
cardiovascular,1,contraindication,5044.0,p_B,0.2731082061095672,0.5821102716714702,307,1262,0.0,19.0,0.5556821001814672,varA
cardiovascular,1,contraindication,5044.0,fuse_rankavg,0.4006139460859924,0.704089568020192,307,1262,0.0,19.0,0.5556821001814672,varA
cardiovascular,1,contraindication,5294.0,p_A,0.1607511020147293,0.6185009759626542,61,1262,0.0,9.0,-0.3930105179647705,varA
cardiovascular,1,contraindication,5294.0,p_B,0.050162904654696375,0.48643889654795863,61,1262,0.0,9.0,-0.3930105179647705,varA
cardiovascular,1,contraindication,5294.0,fuse_rankavg,0.0805876209208649,0.584001037386877,61,1262,0.0,9.0,-0.3930105179647705,varA
cardiovascular,1,contraindication,5009.0,p_A,0.17106324475580975,0.7002604925677645,94,1262,0.0,92.0,0.4647363765240155,varA
cardiovascular,1,contraindication,5009.0,p_B,0.07847391849629826,0.5352940104925678,94,1262,0.0,92.0,0.4647363765240155,varA
cardiovascular,1,contraindication,5009.0,fuse_rankavg,0.1213436468069215,0.6340671451471873,94,1262,0.0,92.0,0.4647363765240155,varA
cardiovascular,1,contraindication,1574.0,p_A,0.03713991164728193,0.6217479674796749,32,1262,0.0,7.0,0.5797045314532782,varA
cardiovascular,1,contraindication,1574.0,p_B,0.0276298997090735,0.41303353658536585,32,1262,0.0,7.0,0.5797045314532782,varA
cardiovascular,1,contraindication,1574.0,fuse_rankavg,0.03652311229477701,0.514989837398374,32,1262,0.0,7.0,0.5797045314532782,varA
cardiovascular,1,contraindication,1576.0,p_A,0.03715944163230836,0.6233231707317073,32,1262,0.0,6.0,0.5267694214362627,varA
cardiovascular,1,contraindication,1576.0,p_B,0.024718002175407712,0.371875,32,1262,0.0,6.0,0.5267694214362627,varA
cardiovascular,1,contraindication,1576.0,fuse_rankavg,0.031511236842216205,0.4923907520325203,32,1262,0.0,6.0,0.5267694214362627,varA
cardiovascular,1,contraindication,5386.0,p_A,0.07274366874967039,0.5416397849462364,62,1262,0.0,3.0,0.1716613215164781,varA
cardiovascular,1,contraindication,5386.0,p_B,0.044901154151633114,0.4396908602150537,62,1262,0.0,3.0,0.1716613215164781,varA
cardiovascular,1,contraindication,5386.0,fuse_rankavg,0.07552942156023024,0.5040524193548387,62,1262,0.0,3.0,0.1716613215164781,varA
cardiovascular,1,contraindication,5295.0,p_A,0.05117043344624746,0.49334570917677895,61,1262,0.0,2.0,0.9780281206454324,varA
cardiovascular,1,contraindication,5295.0,p_B,0.05167768808300129,0.4908477907754467,61,1262,0.0,2.0,0.9780281206454324,varA
cardiovascular,1,contraindication,5295.0,fuse_rankavg,0.05162686781047496,0.49221959842207996,61,1262,0.0,2.0,0.9780281206454324,varA
cardiovascular,1,contraindication,992.0,p_A,0.35051607028145526,0.7089580418027143,215,1262,0.0,9.0,0.14986622571677716,varA
cardiovascular,1,contraindication,992.0,p_B,0.16822239988915239,0.478167966060283,215,1262,0.0,9.0,0.14986622571677716,varA
cardiovascular,1,contraindication,992.0,fuse_rankavg,0.2465304606619299,0.6235801070611493,215,1262,0.0,9.0,0.14986622571677716,varA
cardiovascular,1,contraindication,5010.0,p_A,0.5221112655013761,0.7861030534351146,262,1262,0.0,216.0,0.49086510010356116,varA
cardiovascular,1,contraindication,5010.0,p_B,0.2203156277897721,0.5621145038167938,262,1262,0.0,216.0,0.49086510010356116,varA
cardiovascular,1,contraindication,5010.0,fuse_rankavg,0.3240369465062001,0.6998435114503817,262,1262,0.0,216.0,0.49086510010356116,varA
cardiovascular,1,contraindication,465.0,p_A,0.037173463196048265,0.5935266037955524,35,1262,0.0,11.0,0.5112075907909082,varA
cardiovascular,1,contraindication,465.0,p_B,0.03345112471654267,0.5621143322854815,35,1262,0.0,11.0,0.5112075907909082,varA
cardiovascular,1,contraindication,465.0,fuse_rankavg,0.036447783589483716,0.5906741180579811,35,1262,0.0,11.0,0.5112075907909082,varA
cardiovascular,1,contraindication,6659.0,p_A,0.05165730037133845,0.6563190424252594,29,1262,0.0,1.0,0.9756836697997238,varA
cardiovascular,1,contraindication,6659.0,p_B,0.05780791372201545,0.6776295550521577,29,1262,0.0,1.0,0.9756836697997238,varA
cardiovascular,1,contraindication,6659.0,fuse_rankavg,0.05447975375066788,0.6677993120228207,29,1262,0.0,1.0,0.9756836697997238,varA
cardiovascular,1,contraindication,5279.0,p_A,0.8129888724496785,0.9455488141202427,37,1262,0.0,11.0,0.2323212997227256,varA
cardiovascular,1,contraindication,5279.0,p_B,0.022391779656979742,0.38757859900717045,37,1262,0.0,11.0,0.2323212997227256,varA
cardiovascular,1,contraindication,5279.0,fuse_rankavg,0.06205396557933271,0.7177716492002206,37,1262,0.0,11.0,0.2323212997227256,varA
cardiovascular,1,contraindication,5267.0,p_A,0.15495937895939388,0.5318045789385568,176,1262,0.0,59.0,0.02391006236650371,varA
cardiovascular,1,contraindication,5267.0,p_B,0.1930989062611292,0.5259658044533735,176,1262,0.0,59.0,0.02391006236650371,varA
cardiovascular,1,contraindication,5267.0,fuse_rankavg,0.16740195888291046,0.5440994893688265,176,1262,0.0,59.0,0.02391006236650371,varA
cardiovascular,1,contraindication,4995.0,p_A,0.14114854613073635,0.5032542273564373,176,1262,0.0,4.0,0.0005329477887592346,varA
cardiovascular,1,contraindication,4995.0,p_B,0.1441727196138894,0.5252490373346728,176,1262,0.0,4.0,0.0005329477887592346,varA
cardiovascular,1,contraindication,4995.0,fuse_rankavg,0.15125550125939796,0.5237553365143144,176,1262,0.0,4.0,0.0005329477887592346,varA
cardiovascular,1,contraindication,11057.0,p_A,0.25050542958646965,0.7981115138261755,131,1262,0.0,30.0,0.12770219499679852,varA
cardiovascular,1,contraindication,11057.0,p_B,0.10044560585115642,0.510107248196219,131,1262,0.0,30.0,0.12770219499679852,varA
cardiovascular,1,contraindication,11057.0,fuse_rankavg,0.21869025069561746,0.7024081910894231,131,1262,0.0,30.0,0.12770219499679852,varA
cardiovascular,1,contraindication,2800.0,p_A,0.03957966011490063,0.5494894857118896,39,1262,0.0,4.0,0.9793529524868672,varA
cardiovascular,1,contraindication,2800.0,p_B,0.041904731226526326,0.5529068914187475,39,1262,0.0,4.0,0.9793529524868672,varA
cardiovascular,1,contraindication,2800.0,fuse_rankavg,0.040841558598736505,0.5513239826404176,39,1262,0.0,4.0,0.9793529524868672,varA
cardiovascular,1,contraindication,5068.0,p_A,0.5852734116083032,0.845678461867732,214,1262,0.0,83.0,0.402963754505376,varA
cardiovascular,1,contraindication,5068.0,p_B,0.18364369087658028,0.5679710351715773,214,1262,0.0,83.0,0.402963754505376,varA
cardiovascular,1,contraindication,5068.0,fuse_rankavg,0.3613832973789941,0.7464641150032104,214,1262,0.0,83.0,0.402963754505376,varA
cardiovascular,1,contraindication,2679.0,p_A,0.17285152579743454,0.7352339728032973,109,1262,0.0,10.0,0.29548799574210144,varA
cardiovascular,1,contraindication,2679.0,p_B,0.07737415891340596,0.48071643976224776,109,1262,0.0,10.0,0.29548799574210144,varA
cardiovascular,1,contraindication,2679.0,fuse_rankavg,0.1258687229391409,0.6362381342648218,109,1262,0.0,10.0,0.29548799574210144,varA
cardiovascular,1,contraindication,6716.0,p_A,0.5834252352640352,0.8459415352785903,214,1262,0.0,87.0,0.4034114151248928,varA
cardiovascular,1,contraindication,6716.0,p_B,0.17980135653205248,0.5685060997360348,214,1262,0.0,87.0,0.4034114151248928,varA
cardiovascular,1,contraindication,6716.0,fuse_rankavg,0.36790921018599065,0.7476836163230364,214,1262,0.0,87.0,0.4034114151248928,varA
cardiovascular,1,contraindication,2277.0,p_A,0.22452437778517162,0.7664027664027664,74,1262,0.0,97.0,0.5400060438362916,varA
cardiovascular,1,contraindication,2277.0,p_B,0.06812521524100355,0.5923309673309674,74,1262,0.0,97.0,0.5400060438362916,varA
cardiovascular,1,contraindication,2277.0,fuse_rankavg,0.11777520358328866,0.7080091455091455,74,1262,0.0,97.0,0.5400060438362916,varA
cardiovascular,1,contraindication,4994.0,p_A,0.042579363228302386,0.770048309178744,20,1262,0.0,35.0,0.4408339383587805,varA
cardiovascular,1,contraindication,4994.0,p_B,0.017739241569875344,0.5494363929146538,20,1262,0.0,35.0,0.4408339383587805,varA
cardiovascular,1,contraindication,4994.0,fuse_rankavg,0.04625947535162899,0.6833333333333333,20,1262,0.0,35.0,0.4408339383587805,varA
cardiovascular,1,contraindication,5311.0,p_A,0.2688317155295093,0.8097529347529346,74,1262,0.0,99.0,0.4789484615620825,varA
cardiovascular,1,contraindication,5311.0,p_B,0.07166578578359753,0.6021248521248521,74,1262,0.0,99.0,0.4789484615620825,varA
cardiovascular,1,contraindication,5311.0,fuse_rankavg,0.12741001595656526,0.7445229320229321,74,1262,0.0,99.0,0.4789484615620825,varA
cardiovascular,1,contraindication,6746.0,p_A,0.03610004367381142,0.6876409017713365,20,1262,0.0,28.0,0.5140008067802015,varA
cardiovascular,1,contraindication,6746.0,p_B,0.017177809411361378,0.5382045088566828,20,1262,0.0,28.0,0.5140008067802015,varA
cardiovascular,1,contraindication,6746.0,fuse_rankavg,0.04696752039839558,0.618780193236715,20,1262,0.0,28.0,0.5140008067802015,varA
cardiovascular,1,contraindication,11479.0,p_A,0.1433898883215758,0.7160971067221067,78,1262,0.0,5.0,0.4088704865228511,varA
cardiovascular,1,contraindication,11479.0,p_B,0.0720107644753294,0.5678815835065836,78,1262,0.0,5.0,0.4088704865228511,varA
cardiovascular,1,contraindication,11479.0,fuse_rankavg,0.11192282704093756,0.6686211451836452,78,1262,0.0,5.0,0.4088704865228511,varA
cardiovascular,1,contraindication,1823.0,p_A,0.04898585007494341,0.5956080815492256,31,1262,0.0,17.0,0.6744711501447926,varA
cardiovascular,1,contraindication,1823.0,p_B,0.029496933499817142,0.5696391603993607,31,1262,0.0,17.0,0.6744711501447926,varA
cardiovascular,1,contraindication,1823.0,fuse_rankavg,0.03852855353309488,0.5905636644742014,31,1262,0.0,17.0,0.6744711501447926,varA
cardiovascular,1,contraindication,8364.0,p_A,0.03190116636912578,0.5013380632312671,26,1262,0.0,5.0,0.2400751900281418,varA
cardiovascular,1,contraindication,8364.0,p_B,0.021409702491978252,0.5414177246701519,26,1262,0.0,5.0,0.2400751900281418,varA
cardiovascular,1,contraindication,8364.0,fuse_rankavg,0.022034585549344128,0.5158700522778192,26,1262,0.0,5.0,0.2400751900281418,varA
cardiovascular,1,contraindication,1370.0,p_A,0.007172484353777116,0.4211661341853035,10,1262,0.0,3.0,0.9756146937642839,varA
cardiovascular,1,contraindication,1370.0,p_B,0.006845899276008181,0.40023961661341856,10,1262,0.0,3.0,0.9756146937642839,varA
cardiovascular,1,contraindication,1370.0,fuse_rankavg,0.007008046774269048,0.4101038338658147,10,1262,0.0,3.0,0.9756146937642839,varA
cardiovascular,1,contraindication,5904.0,p_A,0.017802509418403823,0.6274718453489404,9,1262,0.0,8.0,-0.023404459011425287,varA
cardiovascular,1,contraindication,5904.0,p_B,0.008711845038042846,0.44541988117407116,9,1262,0.0,8.0,-0.023404459011425287,varA
cardiovascular,1,contraindication,5904.0,fuse_rankavg,0.023017355413452196,0.5431852443025628,9,1262,0.0,8.0,-0.023404459011425287,varA
cardiovascular,1,contraindication,18882.0,p_A,0.025675089805524586,0.8422028064601536,3,1262,0.0,21.0,-0.08193784628135552,varA
cardiovascular,1,contraindication,18882.0,p_B,0.004460448666543293,0.5419645221074927,3,1262,0.0,21.0,-0.08193784628135552,varA
cardiovascular,1,contraindication,18882.0,fuse_rankavg,0.008988831926535826,0.8060630129732592,3,1262,0.0,21.0,-0.08193784628135552,varA
cardiovascular,1,contraindication,5291.0,p_A,0.00495701375941751,0.6094784220280647,3,1262,0.0,2.0,0.9821016770526257,varA
cardiovascular,1,contraindication,5291.0,p_B,0.0053993307928684895,0.6205983584855705,3,1262,0.0,2.0,0.9821016770526257,varA
cardiovascular,1,contraindication,5291.0,fuse_rankavg,0.005191798941798942,0.6127879269261318,3,1262,0.0,2.0,0.9821016770526257,varA
cardiovascular,1,contraindication,6981.0,p_A,0.01978369100383968,0.7264666666666667,12,1262,0.0,51.0,0.32457271411803557,varA
cardiovascular,1,contraindication,6981.0,p_B,0.00775535187907901,0.3734666666666666,12,1262,0.0,51.0,0.32457271411803557,varA
cardiovascular,1,contraindication,6981.0,fuse_rankavg,0.011241428001198584,0.5593333333333332,12,1262,0.0,51.0,0.32457271411803557,varA
cardiovascular,1,contraindication,5783.0,p_A,0.009122996380167841,0.5500798722044729,10,1262,0.0,3.0,0.5899978300579867,varA
cardiovascular,1,contraindication,5783.0,p_B,0.0074979199306231615,0.4569488817891374,10,1262,0.0,3.0,0.5899978300579867,varA
cardiovascular,1,contraindication,5783.0,fuse_rankavg,0.008230347620383768,0.4980830670926518,10,1262,0.0,3.0,0.5899978300579867,varA
cardiovascular,1,contraindication,4745.0,p_A,0.045160068781990664,0.8091954022988506,15,1262,0.0,2.0,0.047263486395591976,varA
cardiovascular,1,contraindication,4745.0,p_B,0.008535915675489222,0.3099705960973002,15,1262,0.0,2.0,0.047263486395591976,varA
cardiovascular,1,contraindication,4745.0,fuse_rankavg,0.013948762979573748,0.5748195669607057,15,1262,0.0,2.0,0.047263486395591976,varA
cardiovascular,1,contraindication,2869.0,p_A,0.07097562107948592,0.6962328213419564,25,1262,0.0,5.0,-0.12012904662169223,varA
cardiovascular,1,contraindication,2869.0,p_B,0.02574622748674981,0.5299272433306387,25,1262,0.0,5.0,-0.12012904662169223,varA
cardiovascular,1,contraindication,2869.0,fuse_rankavg,0.07420795214648686,0.6503961196443008,25,1262,0.0,5.0,-0.12012904662169223,varA
cardiovascular,1,contraindication,4596.0,p_A,0.3644082820469267,0.9442434846980837,49,1262,0.0,2.0,0.22757318360046844,varA
cardiovascular,1,contraindication,4596.0,p_B,0.04003992086174368,0.5270286185372747,49,1262,0.0,2.0,0.22757318360046844,varA
cardiovascular,1,contraindication,4596.0,fuse_rankavg,0.12972299673334095,0.8032370409004492,49,1262,0.0,2.0,0.22757318360046844,varA
cardiovascular,1,contraindication,5264.0,p_A,0.06024688543576523,0.6028225806451614,22,1262,0.0,50.0,0.2536596184801617,varA
cardiovascular,1,contraindication,5264.0,p_B,0.016381966815989125,0.3951979472140762,22,1262,0.0,50.0,0.2536596184801617,varA
cardiovascular,1,contraindication,5264.0,fuse_rankavg,0.017028941368638337,0.48990102639296185,22,1262,0.0,50.0,0.2536596184801617,varA
cardiovascular,1,contraindication,1613.0,p_A,0.010309941554439673,0.3315023222579493,18,1262,0.0,10.0,0.3813394778305749,varA
cardiovascular,1,contraindication,1613.0,p_B,0.011227500907906232,0.3802697391925688,18,1262,0.0,10.0,0.3813394778305749,varA
cardiovascular,1,contraindication,1613.0,fuse_rankavg,0.010041687600237631,0.3135941407645587,18,1262,0.0,10.0,0.3813394778305749,varA
cardiovascular,1,contraindication,8504.0,p_A,0.11049711327807502,0.8179277638988864,19,1262,0.0,4.0,0.5791177425940093,varA
cardiovascular,1,contraindication,8504.0,p_B,0.031526817024862604,0.7116060464919336,19,1262,0.0,4.0,0.5791177425940093,varA
cardiovascular,1,contraindication,8504.0,fuse_rankavg,0.06941417668216915,0.7926281915569293,19,1262,0.0,4.0,0.5791177425940093,varA
cardiovascular,1,contraindication,8685.0,p_A,0.01891674963441682,0.6482224004276932,15,1262,0.0,2.0,0.2551738728354276,varA
cardiovascular,1,contraindication,8685.0,p_B,0.01609931340835464,0.6118150227211975,15,1262,0.0,2.0,0.2551738728354276,varA
cardiovascular,1,contraindication,8685.0,fuse_rankavg,0.02006561056953668,0.6714247527399091,15,1262,0.0,2.0,0.2551738728354276,varA
cardiovascular,1,contraindication,4978.0,p_A,0.022283946840648126,0.6425456239149765,19,1262,0.0,3.0,0.9776133688727385,varA
cardiovascular,1,contraindication,4978.0,p_B,0.02213683300992874,0.6500825676419529,19,1262,0.0,3.0,0.9776133688727385,varA
cardiovascular,1,contraindication,4978.0,fuse_rankavg,0.02189102611847095,0.6476902231443451,19,1262,0.0,3.0,0.9776133688727385,varA
cardiovascular,1,contraindication,6945.0,p_A,0.15520434996845756,0.8545032310177706,24,1262,0.0,1.0,0.05632805272317275,varA
cardiovascular,1,contraindication,6945.0,p_B,0.02076413080370928,0.5617595584275714,24,1262,0.0,1.0,0.05632805272317275,varA
cardiovascular,1,contraindication,6945.0,fuse_rankavg,0.05303077215416422,0.7980277329025309,24,1262,0.0,1.0,0.05632805272317275,varA
cardiovascular,1,contraindication,4981.0,p_A,0.013970751921130559,0.6017055860805861,14,1262,0.0,132.0,0.5120102932090487,varA
cardiovascular,1,contraindication,4981.0,p_B,0.009503821046050544,0.4195856227106227,14,1262,0.0,132.0,0.5120102932090487,varA
cardiovascular,1,contraindication,4981.0,fuse_rankavg,0.011132021597821834,0.5028331043956044,14,1262,0.0,132.0,0.5120102932090487,varA
cardiovascular,1,contraindication,831.0,p_A,0.007661017444154386,0.6076167728237791,6,1262,0.0,9.0,-0.03509867026944506,varA
cardiovascular,1,contraindication,831.0,p_B,0.004946242022002402,0.47200106157112526,6,1262,0.0,9.0,-0.03509867026944506,varA
cardiovascular,1,contraindication,831.0,fuse_rankavg,0.007349358607963124,0.6007829087048833,6,1262,0.0,9.0,-0.03509867026944506,varA
cardiovascular,1,contraindication,5453.0,p_A,0.005439420947442338,0.6496031746031746,2,1262,0.0,19.0,0.3381827253570157,varA
cardiovascular,1,contraindication,5453.0,p_B,0.0018887213004860062,0.3853174603174603,2,1262,0.0,19.0,0.3381827253570157,varA
cardiovascular,1,contraindication,5453.0,fuse_rankavg,0.002596345514950166,0.5178571428571428,2,1262,0.0,19.0,0.3381827253570157,varA
cardiovascular,1,contraindication,4496.0,p_A,0.021892172827692867,0.8022328548644339,8,1262,0.0,12.0,0.4117957140346589,varA
cardiovascular,1,contraindication,4496.0,p_B,0.007402137084401222,0.5537280701754386,8,1262,0.0,12.0,0.4117957140346589,varA
cardiovascular,1,contraindication,4496.0,fuse_rankavg,0.012069552298390018,0.7258273524720893,8,1262,0.0,12.0,0.4117957140346589,varA
cardiovascular,1,contraindication,5299.0,p_A,0.05430583201811976,0.6880375986521238,9,1262,0.0,56.0,0.25847764164170367,varA
cardiovascular,1,contraindication,5299.0,p_B,0.006471342712577502,0.4163341314179303,9,1262,0.0,56.0,0.25847764164170367,varA
cardiovascular,1,contraindication,5299.0,fuse_rankavg,0.010053321057597386,0.5633590493925689,9,1262,0.0,56.0,0.25847764164170367,varA
cardiovascular,1,contraindication,6021.0,p_A,0.006394875239509268,0.23559999999999998,12,1262,0.0,1.0,0.9753618234271405,varA
cardiovascular,1,contraindication,6021.0,p_B,0.006220191874515774,0.21246666666666664,12,1262,0.0,1.0,0.9753618234271405,varA
cardiovascular,1,contraindication,6021.0,fuse_rankavg,0.006295295906298517,0.22296666666666665,12,1262,0.0,1.0,0.9753618234271405,varA
cardiovascular,1,contraindication,1632.0,p_A,0.007591805223451908,0.4616476013124058,9,1262,0.0,1.0,0.9779609700270093,varA
cardiovascular,1,contraindication,1632.0,p_B,0.008208322530703787,0.4735301942005853,9,1262,0.0,1.0,0.9779609700270093,varA
cardiovascular,1,contraindication,1632.0,fuse_rankavg,0.007861068013281725,0.4663917708610446,9,1262,0.0,1.0,0.9779609700270093,varA
cardiovascular,1,contraindication,991.0,p_A,0.000792393026941363,0.5,1,1262,0.0,0.0,,varA
cardiovascular,1,contraindication,991.0,p_B,0.000792393026941363,0.5,1,1262,0.0,0.0,,varA
cardiovascular,1,contraindication,991.0,fuse_rankavg,0.000792393026941363,0.5,1,1262,0.0,0.0,,varA
cardiovascular,1,contraindication,6786.0,p_A,0.01358668187131419,0.8598966613672496,4,1262,0.0,3.0,0.30497062995873464,varA
cardiovascular,1,contraindication,6786.0,p_B,0.0036673192594324534,0.4862877583465819,4,1262,0.0,3.0,0.30497062995873464,varA
cardiovascular,1,contraindication,6786.0,fuse_rankavg,0.0072934308295992106,0.7339030206677266,4,1262,0.0,3.0,0.30497062995873464,varA
cardiovascular,1,contraindication,8585.0,p_A,0.009609540822762414,0.5064439140811456,5,1262,0.0,5.0,0.16399972165993487,varA
cardiovascular,1,contraindication,8585.0,p_B,0.003589863598322588,0.31789976133651554,5,1262,0.0,5.0,0.16399972165993487,varA
cardiovascular,1,contraindication,8585.0,fuse_rankavg,0.003999061564388479,0.3794749403341289,5,1262,0.0,5.0,0.16399972165993487,varA
cardiovascular,1,contraindication,4717.0,p_A,0.002377179080824089,0.5,3,1262,0.0,0.0,,varA
cardiovascular,1,contraindication,4717.0,p_B,0.002377179080824089,0.5,3,1262,0.0,0.0,,varA
cardiovascular,1,contraindication,4717.0,fuse_rankavg,0.002377179080824089,0.5,3,1262,0.0,0.0,,varA
cardiovascular,1,contraindication,565.0,p_A,0.012278278457291427,0.7122208931419457,8,1262,0.0,4.0,0.32293430490852587,varA
cardiovascular,1,contraindication,565.0,p_B,0.0065372309600608995,0.49242424242424243,8,1262,0.0,4.0,0.32293430490852587,varA
cardiovascular,1,contraindication,565.0,fuse_rankavg,0.009478414210095735,0.6386562998405103,8,1262,0.0,4.0,0.32293430490852587,varA
cardiovascular,1,contraindication,6805.0,p_A,0.0019880715705765406,0.6019032513877876,1,1262,0.0,4.0,0.5487908551138763,varA
cardiovascular,1,contraindication,6805.0,p_B,0.0026595744680851063,0.7026169706582078,1,1262,0.0,4.0,0.5487908551138763,varA
cardiovascular,1,contraindication,6805.0,fuse_rankavg,0.002570694087403599,0.6923076923076923,1,1262,0.0,4.0,0.5487908551138763,varA
cardiovascular,1,contraindication,5356.0,p_A,0.0016852721753514014,0.303968253968254,2,1262,0.0,5.0,0.5205966961416377,varA
cardiovascular,1,contraindication,5356.0,p_B,0.0013755718332270255,0.14365079365079364,2,1262,0.0,5.0,0.5205966961416377,varA
cardiovascular,1,contraindication,5356.0,fuse_rankavg,0.0014516495889890803,0.18273809523809526,2,1262,0.0,5.0,0.5205966961416377,varA
cardiovascular,1,contraindication,5201.0,p_A,0.008191370166646074,0.6497220015885623,3,1262,0.0,9.0,0.5225042092068887,varA
cardiovascular,1,contraindication,5201.0,p_B,0.006642241951405652,0.7667460947842203,3,1262,0.0,9.0,0.5225042092068887,varA
cardiovascular,1,contraindication,5201.0,fuse_rankavg,0.00710858350976345,0.7451681228488218,3,1262,0.0,9.0,0.5225042092068887,varA
cardiovascular,1,contraindication,6711.0,p_A,0.0034525600261928902,0.44495230524642293,4,1262,0.0,1.0,0.9799144208781795,varA
cardiovascular,1,contraindication,6711.0,p_B,0.0034098012036130163,0.44375993640699524,4,1262,0.0,1.0,0.9799144208781795,varA
cardiovascular,1,contraindication,6711.0,fuse_rankavg,0.003429583800486014,0.4440580286168522,4,1262,0.0,1.0,0.9799144208781795,varA
cardiovascular,1,contraindication,1297.0,p_A,0.0029745533263443435,0.35115262321144675,4,1262,0.0,1.0,0.2888301600506123,varA
cardiovascular,1,contraindication,1297.0,p_B,0.029637484762650695,0.7873608903020668,4,1262,0.0,1.0,0.2888301600506123,varA
cardiovascular,1,contraindication,1297.0,fuse_rankavg,0.005161109697521583,0.5972774244833068,4,1262,0.0,1.0,0.2888301600506123,varA
cardiovascular,1,contraindication,5081.0,p_A,0.008359048536151418,0.35239868759421833,9,1262,0.0,4.0,0.38346799720621083,varA
cardiovascular,1,contraindication,5081.0,p_B,0.014386747234943834,0.5561762880198635,9,1262,0.0,4.0,0.38346799720621083,varA
cardiovascular,1,contraindication,5081.0,fuse_rankavg,0.007550590340385117,0.4564157133989536,9,1262,0.0,4.0,0.38346799720621083,varA
cardiovascular,1,contraindication,1072.0,p_A,0.006339144215530904,0.5,8,1262,0.0,0.0,,varA
cardiovascular,1,contraindication,1072.0,p_B,0.006339144215530904,0.5,8,1262,0.0,0.0,,varA
cardiovascular,1,contraindication,1072.0,fuse_rankavg,0.006339144215530904,0.5,8,1262,0.0,0.0,,varA
cardiovascular,1,contraindication,17991.0,p_A,0.41666666666666663,0.9984126984126984,2,1262,0.0,13.0,0.4026754140196523,varA
cardiovascular,1,contraindication,17991.0,p_B,0.17291666666666666,0.9365079365079365,2,1262,0.0,13.0,0.4026754140196523,varA
cardiovascular,1,contraindication,17991.0,fuse_rankavg,0.53125,0.988095238095238,2,1262,0.0,13.0,0.4026754140196523,varA
cardiovascular,1,contraindication,10771.0,p_A,0.019736199947180604,0.7516220830961867,7,1262,0.0,5.0,0.34189018875450605,varA
cardiovascular,1,contraindication,10771.0,p_B,0.009359358332613341,0.6466704610130904,7,1262,0.0,5.0,0.34189018875450605,varA
cardiovascular,1,contraindication,10771.0,fuse_rankavg,0.01969954962214813,0.7424587364826409,7,1262,0.0,5.0,0.34189018875450605,varA
cardiovascular,1,contraindication,24573.0,p_A,0.009895466725735314,0.5950164050722709,9,1262,0.0,15.0,0.48334634731353315,varA
cardiovascular,1,contraindication,24573.0,p_B,0.013041400497979156,0.7147290946173628,9,1262,0.0,15.0,0.48334634731353315,varA
cardiovascular,1,contraindication,24573.0,fuse_rankavg,0.012368597099070998,0.684446217965771,9,1262,0.0,15.0,0.48334634731353315,varA
cardiovascular,1,contraindication,745.0,p_A,0.00980392156862745,0.9199048374306106,1,1262,0.0,6.0,0.6012102419471911,varA
cardiovascular,1,contraindication,745.0,p_B,0.006756756756756757,0.8834258524980174,1,1262,0.0,6.0,0.6012102419471911,varA
cardiovascular,1,contraindication,745.0,fuse_rankavg,0.016129032258064516,0.9516256938937351,1,1262,0.0,6.0,0.6012102419471911,varA
cardiovascular,1,contraindication,8889.0,p_A,0.003635582634263827,0.4791335453100159,4,1262,0.0,2.0,0.4300575424650809,varA
cardiovascular,1,contraindication,8889.0,p_B,0.0037501678892307953,0.5001987281399046,4,1262,0.0,2.0,0.4300575424650809,varA
cardiovascular,1,contraindication,8889.0,fuse_rankavg,0.0037025198620621383,0.4851947535771065,4,1262,0.0,2.0,0.4300575424650809,varA
cardiovascular,1,contraindication,5852.0,p_A,0.004531399694140469,0.5205189303680169,3,1262,0.0,1.0,0.9783381098028869,varA
cardiovascular,1,contraindication,5852.0,p_B,0.006703998555579831,0.5165475244903363,3,1262,0.0,1.0,0.9783381098028869,varA
cardiovascular,1,contraindication,5852.0,fuse_rankavg,0.005469146053705239,0.521313211543553,3,1262,0.0,1.0,0.9783381098028869,varA
cardiovascular,1,contraindication,6686.0,p_A,0.004541465316756556,0.5710881652104844,3,1262,0.0,11.0,0.23815486448370318,varA
cardiovascular,1,contraindication,6686.0,p_B,0.00381296838018153,0.544876886417792,3,1262,0.0,11.0,0.23815486448370318,varA
cardiovascular,1,contraindication,6686.0,fuse_rankavg,0.006475612290574242,0.6085517606566058,3,1262,0.0,11.0,0.23815486448370318,varA
cardiovascular,1,contraindication,944.0,p_A,0.003485370774172346,0.5221074927190892,3,1262,0.0,13.0,0.2327110176066808,varA
cardiovascular,1,contraindication,944.0,p_B,0.004610191541709403,0.5893566322478158,3,1262,0.0,13.0,0.2327110176066808,varA
cardiovascular,1,contraindication,944.0,fuse_rankavg,0.006123366839820999,0.6108022239872914,3,1262,0.0,13.0,0.2327110176066808,varA
cardiovascular,1,contraindication,4910.0,p_A,0.007343729174996668,0.8313492063492063,2,1262,0.0,3.0,0.42342617335756,varA
cardiovascular,1,contraindication,4910.0,p_B,0.0015394827824643895,0.24404761904761907,2,1262,0.0,3.0,0.42342617335756,varA
cardiovascular,1,contraindication,4910.0,fuse_rankavg,0.0024928774928774933,0.5371031746031746,2,1262,0.0,3.0,0.42342617335756,varA
cardiovascular,1,contraindication,1298.0,p_A,0.009081632653061226,0.8642857142857143,2,1262,0.0,1.0,0.5988471873339388,varA
cardiovascular,1,contraindication,1298.0,p_B,0.005201455329470422,0.7761904761904762,2,1262,0.0,1.0,0.5988471873339388,varA
cardiovascular,1,contraindication,1298.0,fuse_rankavg,0.00978494623655914,0.8807539682539682,2,1262,0.0,1.0,0.5988471873339388,varA
cardiovascular,1,contraindication,1641.0,p_A,0.0031675160351630942,0.5001323801959227,3,1262,0.0,2.0,0.33685172609200187,varA
cardiovascular,1,contraindication,1641.0,p_B,0.004319455125918613,0.3412761450886947,3,1262,0.0,2.0,0.33685172609200187,varA
cardiovascular,1,contraindication,1641.0,fuse_rankavg,0.004471253946983914,0.3942282234577707,3,1262,0.0,2.0,0.33685172609200187,varA
cardiovascular,1,contraindication,5385.0,p_A,0.004329004329004329,0.8176050753370341,1,1262,0.0,30.0,-0.24508394397841984,varA
cardiovascular,1,contraindication,5385.0,p_B,0.0008968609865470852,0.11657414750198258,1,1262,0.0,30.0,-0.24508394397841984,varA
cardiovascular,1,contraindication,5385.0,fuse_rankavg,0.001336898395721925,0.4076130055511499,1,1262,0.0,30.0,-0.24508394397841984,varA
cardiovascular,1,contraindication,1956.0,p_A,0.0014771048744460858,0.4639175257731959,1,1262,0.0,2.0,0.19496414043205576,varA
cardiovascular,1,contraindication,1956.0,p_B,0.0018050541516245488,0.5614591593973037,1,1262,0.0,2.0,0.19496414043205576,varA
cardiovascular,1,contraindication,1956.0,fuse_rankavg,0.001579778830963665,0.49881046788263284,1,1262,0.0,2.0,0.19496414043205576,varA
cardiovascular,1,contraindication,1221.0,p_A,0.0022566336169605465,0.32327243844320885,3,1262,0.0,3.0,0.2912547635212478,varA
cardiovascular,1,contraindication,1221.0,p_B,0.0032450540000736067,0.3277733651045803,3,1262,0.0,3.0,0.2912547635212478,varA
cardiovascular,1,contraindication,1221.0,fuse_rankavg,0.0022276346043323203,0.3015620863118877,3,1262,0.0,3.0,0.2912547635212478,varA
cardiovascular,1,contraindication,945.0,p_A,0.0014064697609001407,0.43695479777954005,1,1262,0.0,4.0,0.04314562961767556,varA
cardiovascular,1,contraindication,945.0,p_B,0.004329004329004329,0.8176050753370341,1,1262,0.0,4.0,0.04314562961767556,varA
cardiovascular,1,contraindication,945.0,fuse_rankavg,0.00267379679144385,0.704599524187153,1,1262,0.0,4.0,0.04314562961767556,varA
cardiovascular,1,contraindication,1954.0,p_A,0.010416666666666666,0.9246629659000793,1,1262,0.0,1.0,0.9809965260926944,varA
cardiovascular,1,contraindication,1954.0,p_B,0.02702702702702703,0.9714512291831879,1,1262,0.0,1.0,0.9809965260926944,varA
cardiovascular,1,contraindication,1954.0,fuse_rankavg,0.015384615384615385,0.9496431403647898,1,1262,0.0,1.0,0.9809965260926944,varA
cardiovascular,1,contraindication,6936.0,p_A,0.006002747252747253,0.6988095238095239,2,1262,0.0,2.0,0.9795912431063144,varA
cardiovascular,1,contraindication,6936.0,p_B,0.005227611402201605,0.7123015873015873,2,1262,0.0,2.0,0.9795912431063144,varA
cardiovascular,1,contraindication,6936.0,fuse_rankavg,0.005568329244325699,0.7079365079365079,2,1262,0.0,2.0,0.9795912431063144,varA
cardiovascular,1,contraindication,1612.0,p_A,0.0009532888465204957,0.16891356066613794,1,1262,0.0,9.0,0.39299649349430843,varA
cardiovascular,1,contraindication,1612.0,p_B,0.001017293997965412,0.2212529738302934,1,1262,0.0,9.0,0.39299649349430843,varA
cardiovascular,1,contraindication,1612.0,fuse_rankavg,0.0008952551477170994,0.11498810467882636,1,1262,0.0,9.0,0.39299649349430843,varA
cardiovascular,1,contraindication,6690.0,p_A,0.0010080645161290322,0.21411578112609042,1,1262,0.0,8.0,0.5728813429794704,varA
cardiovascular,1,contraindication,6690.0,p_B,0.0010449320794148381,0.24187153053132437,1,1262,0.0,8.0,0.5728813429794704,varA
cardiovascular,1,contraindication,6690.0,fuse_rankavg,0.0009727626459143969,0.18556701030927836,1,1262,0.0,8.0,0.5728813429794704,varA
cardiovascular,1,contraindication,4625.0,p_A,0.0019028972038509081,0.36150793650793656,2,1262,0.0,3.0,-0.19372424947664213,varA
cardiovascular,1,contraindication,4625.0,p_B,0.005127824866813448,0.7011904761904761,2,1262,0.0,3.0,-0.19372424947664213,varA
cardiovascular,1,contraindication,4625.0,fuse_rankavg,0.0025017633905122087,0.538888888888889,2,1262,0.0,3.0,-0.19372424947664213,varA
cardiovascular,1,off-label use,17991.0,p_A,0.30834742599448484,0.9805471124620061,7,477,0.0,13.0,0.5376258086986325,varA
cardiovascular,1,off-label use,17991.0,p_B,0.02384712215934014,0.670516717325228,7,477,0.0,13.0,0.5376258086986325,varA
cardiovascular,1,off-label use,17991.0,fuse_rankavg,0.06552721886749067,0.8837386018237083,7,477,0.0,13.0,0.5376258086986325,varA
cardiovascular,1,off-label use,5267.0,p_A,0.16155573909645787,0.958966565349544,7,477,0.0,59.0,-0.06124734119377116,varA
cardiovascular,1,off-label use,5267.0,p_B,0.017540072870131873,0.5501519756838906,7,477,0.0,59.0,-0.06124734119377116,varA
cardiovascular,1,off-label use,5267.0,fuse_rankavg,0.07042944980913969,0.8957446808510638,7,477,0.0,59.0,-0.06124734119377116,varA
cardiovascular,1,off-label use,5904.0,p_A,0.17658415200210864,0.9504264392324094,8,477,0.0,8.0,0.15297171265128762,varA
cardiovascular,1,off-label use,5904.0,p_B,0.01777008839596928,0.5061300639658849,8,477,0.0,8.0,0.15297171265128762,varA
cardiovascular,1,off-label use,5904.0,fuse_rankavg,0.05277435692755042,0.8315565031982942,8,477,0.0,8.0,0.15297171265128762,varA
cardiovascular,1,off-label use,4496.0,p_A,0.11910549435729448,0.941337386018237,7,477,0.0,12.0,0.07103368304956607,varA
cardiovascular,1,off-label use,4496.0,p_B,0.019671112610591332,0.6036474164133738,7,477,0.0,12.0,0.07103368304956607,varA
cardiovascular,1,off-label use,4496.0,fuse_rankavg,0.07826368965471721,0.9015197568389057,7,477,0.0,12.0,0.07103368304956607,varA
cardiovascular,1,off-label use,18882.0,p_A,0.3102619290821538,0.9656183368869936,8,477,0.0,21.0,-0.02201628384924655,varA
cardiovascular,1,off-label use,18882.0,p_B,0.02268714211283267,0.6143390191897654,8,477,0.0,21.0,-0.02201628384924655,varA
cardiovascular,1,off-label use,18882.0,fuse_rankavg,0.13573983050370722,0.9359008528784649,8,477,0.0,21.0,-0.02201628384924655,varA
cardiovascular,1,off-label use,1221.0,p_A,0.021739130434782608,0.9054621848739496,1,477,0.0,3.0,0.4779237055639018,varA
cardiovascular,1,off-label use,1221.0,p_B,0.01694915254237288,0.8781512605042017,1,477,0.0,3.0,0.4779237055639018,varA
cardiovascular,1,off-label use,1221.0,fuse_rankavg,0.030303030303030304,0.9338235294117647,1,477,0.0,3.0,0.4779237055639018,varA
cardiovascular,1,off-label use,11057.0,p_A,0.02159090909090909,0.8452631578947368,2,477,0.0,30.0,0.34546787388102085,varA
cardiovascular,1,off-label use,11057.0,p_B,0.01839023585683655,0.8178947368421052,2,477,0.0,30.0,0.34546787388102085,varA
cardiovascular,1,off-label use,11057.0,fuse_rankavg,0.034722222222222224,0.9136842105263158,2,477,0.0,30.0,0.34546787388102085,varA
cardiovascular,1,off-label use,2679.0,p_A,0.020833333333333332,0.8410526315789473,2,477,0.0,10.0,0.40911304020930445,varA
cardiovascular,1,off-label use,2679.0,p_B,0.008701573849878935,0.643157894736842,2,477,0.0,10.0,0.40911304020930445,varA
cardiovascular,1,off-label use,2679.0,fuse_rankavg,0.01669915529564652,0.8184210526315789,2,477,0.0,10.0,0.40911304020930445,varA
cardiovascular,1,off-label use,11479.0,p_A,0.0772771222655503,0.9042553191489362,7,477,0.0,5.0,0.10859837548494274,varA
cardiovascular,1,off-label use,11479.0,p_B,0.02068897105208436,0.623404255319149,7,477,0.0,5.0,0.10859837548494274,varA
cardiovascular,1,off-label use,11479.0,fuse_rankavg,0.06380398692318767,0.8708206686930091,7,477,0.0,5.0,0.10859837548494274,varA
cardiovascular,1,off-label use,4981.0,p_A,0.2230599053472105,0.7615914786967418,21,477,0.0,132.0,0.344484927557464,varA
cardiovascular,1,off-label use,4981.0,p_B,0.03751053777800391,0.4243943191311612,21,477,0.0,132.0,0.344484927557464,varA
cardiovascular,1,off-label use,4981.0,fuse_rankavg,0.07602081265737853,0.6049498746867168,21,477,0.0,132.0,0.344484927557464,varA
cardiovascular,1,off-label use,4910.0,p_A,0.0676916747786585,0.9037508846426043,6,477,0.0,3.0,0.3147829211694186,varA
cardiovascular,1,off-label use,4910.0,p_B,0.015230083020899027,0.5498938428874734,6,477,0.0,3.0,0.3147829211694186,varA
cardiovascular,1,off-label use,4910.0,fuse_rankavg,0.03771566662426622,0.8032554847841472,6,477,0.0,3.0,0.3147829211694186,varA
cardiovascular,1,off-label use,6727.0,p_A,0.041145851388035004,0.4851712614870509,21,477,0.0,29.0,0.5902021591095987,varA
cardiovascular,1,off-label use,6727.0,p_B,0.03903676655535331,0.4600041771094402,21,477,0.0,29.0,0.5902021591095987,varA
cardiovascular,1,off-label use,6727.0,fuse_rankavg,0.03995264277810258,0.4537385129490393,21,477,0.0,29.0,0.5902021591095987,varA
cardiovascular,1,off-label use,1298.0,p_A,0.07084162084162085,0.9083510261854212,6,477,0.0,1.0,0.29758003369548836,varA
cardiovascular,1,off-label use,1298.0,p_B,0.021381178775399096,0.6822363765038923,6,477,0.0,1.0,0.29758003369548836,varA
cardiovascular,1,off-label use,1298.0,fuse_rankavg,0.09343662122706006,0.898619957537155,6,477,0.0,1.0,0.29758003369548836,varA
cardiovascular,1,off-label use,5044.0,p_A,0.017475579975579976,0.8210526315789474,2,477,0.0,19.0,0.43049074065116044,varA
cardiovascular,1,off-label use,5044.0,p_B,0.006491638933399071,0.5305263157894737,2,477,0.0,19.0,0.43049074065116044,varA
cardiovascular,1,off-label use,5044.0,fuse_rankavg,0.011243386243386243,0.7163157894736842,2,477,0.0,19.0,0.43049074065116044,varA
cardiovascular,1,off-label use,6981.0,p_A,0.018276516427152917,0.6694915254237288,5,477,0.0,51.0,0.17850918886196873,varA
cardiovascular,1,off-label use,6981.0,p_B,0.01088073830134665,0.4309322033898305,5,477,0.0,51.0,0.17850918886196873,varA
cardiovascular,1,off-label use,6981.0,fuse_rankavg,0.013836795710471899,0.5709745762711864,5,477,0.0,51.0,0.17850918886196873,varA
cardiovascular,1,off-label use,8364.0,p_A,0.009851829470524591,0.4667019027484144,4,477,0.0,5.0,0.6469168351671436,varA
cardiovascular,1,off-label use,8364.0,p_B,0.006519888235321119,0.22621564482029596,4,477,0.0,5.0,0.6469168351671436,varA
cardiovascular,1,off-label use,8364.0,fuse_rankavg,0.007381515291337477,0.3266384778012685,4,477,0.0,5.0,0.6469168351671436,varA
cardiovascular,1,off-label use,5068.0,p_A,0.05402109285625302,0.8150522317188984,9,477,0.0,83.0,0.5323778262125468,varA
cardiovascular,1,off-label use,5068.0,p_B,0.026737182581761422,0.5584045584045584,9,477,0.0,83.0,0.5323778262125468,varA
cardiovascular,1,off-label use,5068.0,fuse_rankavg,0.05467325450030064,0.7164055080721747,9,477,0.0,83.0,0.5323778262125468,varA
cardiovascular,1,off-label use,6716.0,p_A,0.05909797059443138,0.8295346628679963,9,477,0.0,87.0,0.6516164021566216,varA
cardiovascular,1,off-label use,6716.0,p_B,0.08810464193989798,0.832383665716999,9,477,0.0,87.0,0.6516164021566216,varA
cardiovascular,1,off-label use,6716.0,fuse_rankavg,0.11128665737986768,0.8639601139601139,9,477,0.0,87.0,0.6516164021566216,varA
cardiovascular,1,off-label use,745.0,p_A,0.006993006993006993,0.7016806722689076,1,477,0.0,6.0,0.3003520750090872,varA
cardiovascular,1,off-label use,745.0,p_B,0.01,0.792016806722689,1,477,0.0,6.0,0.3003520750090872,varA
cardiovascular,1,off-label use,745.0,fuse_rankavg,0.0136986301369863,0.8487394957983193,1,477,0.0,6.0,0.3003520750090872,varA
cardiovascular,1,off-label use,4745.0,p_A,0.008755337233073552,0.5281293952180028,3,477,0.0,2.0,0.8985633670057867,varA
cardiovascular,1,off-label use,4745.0,p_B,0.006523471129519091,0.3755274261603376,3,477,0.0,2.0,0.8985633670057867,varA
cardiovascular,1,off-label use,4745.0,fuse_rankavg,0.007369102327959229,0.45499296765119546,3,477,0.0,2.0,0.8985633670057867,varA
cardiovascular,1,off-label use,6021.0,p_A,0.0037844907030953542,0.18947368421052635,2,477,0.0,1.0,0.9508460497637308,varA
cardiovascular,1,off-label use,6021.0,p_B,0.005236964295244703,0.3494736842105263,2,477,0.0,1.0,0.9508460497637308,varA
cardiovascular,1,off-label use,6021.0,fuse_rankavg,0.004200316011235956,0.26526315789473687,2,477,0.0,1.0,0.9508460497637308,varA
cardiovascular,1,off-label use,5264.0,p_A,0.050706033376123234,0.9400000000000001,2,477,0.0,50.0,0.4116533317485304,varA
cardiovascular,1,off-label use,5264.0,p_B,0.004370452242792668,0.30105263157894735,2,477,0.0,50.0,0.4116533317485304,varA
cardiovascular,1,off-label use,5264.0,fuse_rankavg,0.008653846153846154,0.648421052631579,2,477,0.0,50.0,0.4116533317485304,varA
cardiovascular,1,off-label use,5299.0,p_A,0.013333333333333334,0.8445378151260504,1,477,0.0,56.0,0.5169942186945001,varA
cardiovascular,1,off-label use,5299.0,p_B,0.002967359050445104,0.2941176470588235,1,477,0.0,56.0,0.5169942186945001,varA
cardiovascular,1,off-label use,5299.0,fuse_rankavg,0.004975124378109453,0.5798319327731092,1,477,0.0,56.0,0.5169942186945001,varA
cardiovascular,1,off-label use,5294.0,p_A,0.02127659574468085,0.9033613445378151,1,477,0.0,9.0,-0.29268155552084957,varA
cardiovascular,1,off-label use,5294.0,p_B,0.004366812227074236,0.5210084033613445,1,477,0.0,9.0,-0.29268155552084957,varA
cardiovascular,1,off-label use,5294.0,fuse_rankavg,0.017543859649122806,0.8834033613445378,1,477,0.0,9.0,-0.29268155552084957,varA
cardiovascular,1,off-label use,5386.0,p_A,0.019230769230769232,0.8928571428571429,1,477,0.0,3.0,-0.03749077796773912,varA
cardiovascular,1,off-label use,5386.0,p_B,0.0022271714922048997,0.05882352941176472,1,477,0.0,3.0,-0.03749077796773912,varA
cardiovascular,1,off-label use,5386.0,fuse_rankavg,0.0034602076124567475,0.39495798319327735,1,477,0.0,3.0,-0.03749077796773912,varA
cardiovascular,1,off-label use,5295.0,p_A,0.003861003861003861,0.45798319327731096,1,477,0.0,2.0,0.9347151155639156,varA
cardiovascular,1,off-label use,5295.0,p_B,0.005050505050505051,0.5861344537815126,1,477,0.0,2.0,0.9347151155639156,varA
cardiovascular,1,off-label use,5295.0,fuse_rankavg,0.004273504273504274,0.5115546218487395,1,477,0.0,2.0,0.9347151155639156,varA
cardiovascular,1,off-label use,1613.0,p_A,0.012345679012345678,0.8319327731092436,1,477,0.0,10.0,0.556019399092516,varA
cardiovascular,1,off-label use,1613.0,p_B,0.0035460992907801418,0.4096638655462185,1,477,0.0,10.0,0.556019399092516,varA
cardiovascular,1,off-label use,1613.0,fuse_rankavg,0.0055248618784530384,0.6228991596638656,1,477,0.0,10.0,0.556019399092516,varA
cardiovascular,1,off-label use,6809.0,p_A,0.008264462809917356,0.7478991596638656,1,477,0.0,1.0,-0.41919968377654826,varA
cardiovascular,1,off-label use,6809.0,p_B,0.003472222222222222,0.3970588235294118,1,477,0.0,1.0,-0.41919968377654826,varA
cardiovascular,1,off-label use,6809.0,fuse_rankavg,0.007142857142857143,0.7090336134453781,1,477,0.0,1.0,-0.41919968377654826,varA
cardiovascular,2,indication,6955.0,p_A,0.39496083281797567,0.9936649897521893,9,1798,0.0,4.0,0.6514118105710311,varA
cardiovascular,2,indication,6955.0,p_B,0.013277071157679527,0.7985839388857835,9,1798,0.0,4.0,0.6514118105710311,varA
cardiovascular,2,indication,6955.0,fuse_rankavg,0.05545749550005158,0.9437302030929755,9,1798,0.0,4.0,0.6514118105710311,varA
cardiovascular,2,indication,5009.0,p_A,0.03458469355346388,0.7435503685503686,22,1798,0.0,92.0,-0.004274963972312195,varA
cardiovascular,2,indication,5009.0,p_B,0.015498919651492568,0.6046529484029485,22,1798,0.0,92.0,-0.004274963972312195,varA
cardiovascular,2,indication,5009.0,fuse_rankavg,0.054474489157307786,0.7386363636363635,22,1798,0.0,92.0,-0.004274963972312195,varA
cardiovascular,2,indication,5044.0,p_A,0.038053477039999124,0.24846349915513932,103,1798,0.0,19.0,0.5111830684349786,varA
cardiovascular,2,indication,5044.0,p_B,0.033609554172322656,0.18941489818712953,103,1798,0.0,19.0,0.5111830684349786,varA
cardiovascular,2,indication,5044.0,fuse_rankavg,0.03384260386293522,0.18846979981098033,103,1798,0.0,19.0,0.5111830684349786,varA
cardiovascular,2,indication,2277.0,p_A,0.07616917350592622,0.884661402249342,7,1798,0.0,97.0,0.33643250745436,varA
cardiovascular,2,indication,2277.0,p_B,0.007647136281337305,0.7255324240248864,7,1798,0.0,97.0,0.33643250745436,varA
cardiovascular,2,indication,2277.0,fuse_rankavg,0.03493236569493474,0.8776022972002872,7,1798,0.0,97.0,0.33643250745436,varA
cardiovascular,2,indication,5311.0,p_A,0.010475972071148164,0.7516152189519023,7,1798,0.0,99.0,0.2004359781392699,varA
cardiovascular,2,indication,5311.0,p_B,0.0036536866883910045,0.4137353433835846,7,1798,0.0,99.0,0.2004359781392699,varA
cardiovascular,2,indication,5311.0,fuse_rankavg,0.005457611459739884,0.607800909308447,7,1798,0.0,99.0,0.2004359781392699,varA
cardiovascular,2,indication,5068.0,p_A,0.1120152478283942,0.9266505186013292,9,1798,0.0,83.0,-0.029213193152789,varA
cardiovascular,2,indication,5068.0,p_B,0.004115293666883019,0.36960437239922983,9,1798,0.0,83.0,-0.029213193152789,varA
cardiovascular,2,indication,5068.0,fuse_rankavg,0.012454478480469386,0.7178746661698031,9,1798,0.0,83.0,-0.029213193152789,varA
cardiovascular,2,indication,6716.0,p_A,0.11444330497727043,0.9283274330786907,9,1798,0.0,87.0,0.3465038100214273,varA
cardiovascular,2,indication,6716.0,p_B,0.006936746832450727,0.6006459226135022,9,1798,0.0,87.0,0.3465038100214273,varA
cardiovascular,2,indication,6716.0,fuse_rankavg,0.028420373051343647,0.8212533383019687,9,1798,0.0,87.0,0.3465038100214273,varA
cardiovascular,2,indication,831.0,p_A,0.011898001153015479,0.5808727948003714,3,1798,0.0,9.0,-0.33395854490979393,varA
cardiovascular,2,indication,831.0,p_B,0.0019804725333687784,0.44679665738161567,3,1798,0.0,9.0,-0.33395854490979393,varA
cardiovascular,2,indication,831.0,fuse_rankavg,0.0030148411094738964,0.4987000928505107,3,1798,0.0,9.0,-0.33395854490979393,varA
cardiovascular,2,indication,6809.0,p_A,0.00364002690069074,0.6568245125348189,3,1798,0.0,1.0,-0.24506924022189752,varA
cardiovascular,2,indication,6809.0,p_B,0.0036567763405579443,0.7065923862581245,3,1798,0.0,1.0,-0.24506924022189752,varA
cardiovascular,2,indication,6809.0,fuse_rankavg,0.01018736888453725,0.7865366759517177,3,1798,0.0,1.0,-0.24506924022189752,varA
cardiovascular,2,indication,4981.0,p_A,0.02376150172603314,0.8179051889814222,14,1798,0.0,132.0,0.11613670699178386,varA
cardiovascular,2,indication,4981.0,p_B,0.0069978786755383405,0.40510890454836634,14,1798,0.0,132.0,0.11613670699178386,varA
cardiovascular,2,indication,4981.0,fuse_rankavg,0.011734312241771351,0.64722133247918,14,1798,0.0,132.0,0.11613670699178386,varA
cardiovascular,2,indication,6021.0,p_A,0.0022924731773595183,0.3041829336307864,5,1798,0.0,1.0,0.9363308385108617,varA
cardiovascular,2,indication,6021.0,p_B,0.0023733078349124494,0.3290574456218628,5,1798,0.0,1.0,0.9363308385108617,varA
cardiovascular,2,indication,6021.0,fuse_rankavg,0.0023324670560934,0.3112102621305075,5,1798,0.0,1.0,0.9363308385108617,varA
cardiovascular,2,indication,6981.0,p_A,0.003869720584789131,0.3360039749083908,9,1798,0.0,51.0,0.20941486114018348,varA
cardiovascular,2,indication,6981.0,p_B,0.0071445256651242305,0.5089124899074592,9,1798,0.0,51.0,0.20941486114018348,varA
cardiovascular,2,indication,6981.0,fuse_rankavg,0.0042985141638622795,0.3911558288305074,9,1798,0.0,51.0,0.20941486114018348,varA
cardiovascular,2,indication,24573.0,p_A,0.022222222222222223,0.9755147468002225,1,1798,0.0,15.0,0.5121456606860716,varA
cardiovascular,2,indication,24573.0,p_B,0.002717391304347826,0.7957707289927657,1,1798,0.0,15.0,0.5121456606860716,varA
cardiovascular,2,indication,24573.0,fuse_rankavg,0.010526315789473684,0.9479688369504731,1,1798,0.0,15.0,0.5121456606860716,varA
cardiovascular,2,indication,5279.0,p_A,0.025238641172333133,0.622247148999813,15,1798,0.0,11.0,0.09066244391359304,varA
cardiovascular,2,indication,5279.0,p_B,0.014973785915017626,0.6698822209758833,15,1798,0.0,11.0,0.09066244391359304,varA
cardiovascular,2,indication,5279.0,fuse_rankavg,0.017921037696202007,0.7025238362310712,15,1798,0.0,11.0,0.09066244391359304,varA
cardiovascular,2,indication,11057.0,p_A,0.03278543003405784,0.8204697263520794,13,1798,0.0,30.0,-0.16983280030019515,varA
cardiovascular,2,indication,11057.0,p_B,0.007033504352582471,0.49006679594914887,13,1798,0.0,30.0,-0.16983280030019515,varA
cardiovascular,2,indication,11057.0,fuse_rankavg,0.01783907378236131,0.7579185520361991,13,1798,0.0,30.0,-0.16983280030019515,varA
cardiovascular,2,indication,2679.0,p_A,0.01779637069518536,0.8509776536312849,8,1798,0.0,10.0,0.2362111789536526,varA
cardiovascular,2,indication,2679.0,p_B,0.004445662260588216,0.4747905027932961,8,1798,0.0,10.0,0.2362111789536526,varA
cardiovascular,2,indication,2679.0,fuse_rankavg,0.008975150351922461,0.7208449720670391,8,1798,0.0,10.0,0.2362111789536526,varA
cardiovascular,2,indication,5294.0,p_A,0.0033409814164571026,0.47250418293363083,5,1798,0.0,9.0,-0.3323047786292373,varA
cardiovascular,2,indication,5294.0,p_B,0.0027776044126080297,0.4297824874511992,5,1798,0.0,9.0,-0.3323047786292373,varA
cardiovascular,2,indication,5294.0,fuse_rankavg,0.0031957222807564934,0.4744004461795872,5,1798,0.0,9.0,-0.3323047786292373,varA
cardiovascular,2,indication,5386.0,p_A,0.005260692110753989,0.6706079196876743,5,1798,0.0,3.0,-0.24048941732566878,varA
cardiovascular,2,indication,5386.0,p_B,0.0031165369285717105,0.43402119353039603,5,1798,0.0,3.0,-0.24048941732566878,varA
cardiovascular,2,indication,5386.0,fuse_rankavg,0.005916560425291886,0.5770775237032906,5,1798,0.0,3.0,-0.24048941732566878,varA
cardiovascular,2,indication,5295.0,p_A,0.002882298922531794,0.36783854166666663,6,1798,0.0,2.0,0.9326777477723732,varA
cardiovascular,2,indication,5295.0,p_B,0.003110406796491808,0.41378348214285715,6,1798,0.0,2.0,0.9326777477723732,varA
cardiovascular,2,indication,5295.0,fuse_rankavg,0.0029788836344376802,0.38992745535714285,6,1798,0.0,2.0,0.9326777477723732,varA
cardiovascular,2,indication,9934.0,p_A,0.06290597684577902,0.8969359331476323,3,1798,0.0,4.0,0.40162397695902696,varA
cardiovascular,2,indication,9934.0,p_B,0.0027820076710951486,0.6064995357474466,3,1798,0.0,4.0,0.40162397695902696,varA
cardiovascular,2,indication,9934.0,fuse_rankavg,0.00572851611504485,0.8148560817084495,3,1798,0.0,4.0,0.40162397695902696,varA
cardiovascular,2,indication,5385.0,p_A,0.009034455263713393,0.7441039925719591,3,1798,0.0,30.0,0.037282528942746,varA
cardiovascular,2,indication,5385.0,p_B,0.0024568763182930176,0.5671309192200558,3,1798,0.0,30.0,0.037282528942746,varA
cardiovascular,2,indication,5385.0,fuse_rankavg,0.004410133123282121,0.7317548746518105,3,1798,0.0,30.0,0.037282528942746,varA
cardiovascular,2,indication,11479.0,p_A,0.0035286663811663664,0.7697661469933185,2,1798,0.0,5.0,-0.2737316442543324,varA
cardiovascular,2,indication,11479.0,p_B,0.0020895406484626295,0.5378619153674833,2,1798,0.0,5.0,-0.2737316442543324,varA
cardiovascular,2,indication,11479.0,fuse_rankavg,0.0050843552660515875,0.7689309576837416,2,1798,0.0,5.0,-0.2737316442543324,varA
cardiovascular,2,indication,8364.0,p_A,0.002204763604260195,0.6327951002227171,2,1798,0.0,5.0,0.4632096181121454,varA
cardiovascular,2,indication,8364.0,p_B,0.0026579244218838125,0.6812360801781737,2,1798,0.0,5.0,0.4632096181121454,varA
cardiovascular,2,indication,8364.0,fuse_rankavg,0.0028206345438721416,0.6965478841870825,2,1798,0.0,5.0,0.4632096181121454,varA
cardiovascular,2,indication,5267.0,p_A,0.0006309148264984228,0.11853088480801333,1,1798,0.0,59.0,-0.31431833667447995,varA
cardiovascular,2,indication,5267.0,p_B,0.0014367816091954023,0.6132442960489706,1,1798,0.0,59.0,-0.31431833667447995,varA
cardiovascular,2,indication,5267.0,fuse_rankavg,0.0007072135785007072,0.21368948247078468,1,1798,0.0,59.0,-0.31431833667447995,varA
cardiovascular,2,indication,4995.0,p_A,0.0010504201680672268,0.4707846410684474,1,1798,0.0,4.0,0.0924557571407262,varA
cardiovascular,2,indication,4995.0,p_B,0.005291005291005291,0.8953811908736783,1,1798,0.0,4.0,0.0924557571407262,varA
cardiovascular,2,indication,4995.0,fuse_rankavg,0.0024813895781637717,0.7762938230383973,1,1798,0.0,4.0,0.0924557571407262,varA
cardiovascular,2,indication,5264.0,p_A,0.01171564806720229,0.7061036789297659,4,1798,0.0,50.0,-0.08832926086259102,varA
cardiovascular,2,indication,5264.0,p_B,0.0020806561603858896,0.35674470457079155,4,1798,0.0,50.0,-0.08832926086259102,varA
cardiovascular,2,indication,5264.0,fuse_rankavg,0.0033360643456479943,0.5503065774804905,4,1798,0.0,50.0,-0.08832926086259102,varA
cardiovascular,2,indication,5299.0,p_A,0.003771994450008935,0.48745819397993306,4,1798,0.0,56.0,0.3360722728983118,varA
cardiovascular,2,indication,5299.0,p_B,0.0021943530165607116,0.37695094760312153,4,1798,0.0,56.0,0.3360722728983118,varA
cardiovascular,2,indication,5299.0,fuse_rankavg,0.002375001595570203,0.42314659977703456,4,1798,0.0,56.0,0.3360722728983118,varA
cardiovascular,2,indication,5010.0,p_A,1.0,1.0,1,1798,0.0,216.0,0.5251356145964052,varA
cardiovascular,2,indication,5010.0,p_B,0.05,0.9894268224819143,1,1798,0.0,216.0,0.5251356145964052,varA
cardiovascular,2,indication,5010.0,fuse_rankavg,0.25,0.9986087924318309,1,1798,0.0,216.0,0.5251356145964052,varA
cardiovascular,2,indication,465.0,p_A,0.000784313725490196,0.29104062326099056,1,1798,0.0,11.0,0.08715645419630348,varA
cardiovascular,2,indication,465.0,p_B,0.0006027727546714888,0.07735114079020589,1,1798,0.0,11.0,0.08715645419630348,varA
cardiovascular,2,indication,465.0,fuse_rankavg,0.0005984440454817474,0.0709515859766277,1,1798,0.0,11.0,0.08715645419630348,varA
cardiovascular,2,indication,745.0,p_A,0.002579023200220886,0.26822916666666663,6,1798,0.0,6.0,0.47149107155052833,varA
cardiovascular,2,indication,745.0,p_B,0.00399016597614713,0.49488467261904756,6,1798,0.0,6.0,0.47149107155052833,varA
cardiovascular,2,indication,745.0,fuse_rankavg,0.0028377912918068388,0.34965587797619047,6,1798,0.0,6.0,0.47149107155052833,varA
cardiovascular,2,indication,19514.0,p_A,0.011764705882352941,0.9532554257095158,1,1798,0.0,4.0,0.8795109453225262,varA
cardiovascular,2,indication,19514.0,p_B,0.00186219739292365,0.7017250973845298,1,1798,0.0,4.0,0.8795109453225262,varA
cardiovascular,2,indication,19514.0,fuse_rankavg,0.0035211267605633804,0.8427935447968837,1,1798,0.0,4.0,0.8795109453225262,varA
cardiovascular,2,indication,8542.0,p_A,0.0028328611898017,0.8041179744017808,1,1798,0.0,16.0,0.6131808122026181,varA
cardiovascular,2,indication,8542.0,p_B,0.0017921146953405018,0.6900389538119087,1,1798,0.0,16.0,0.6131808122026181,varA
cardiovascular,2,indication,8542.0,fuse_rankavg,0.002652519893899204,0.7910406232609906,1,1798,0.0,16.0,0.6131808122026181,varA
cardiovascular,2,indication,11514.0,p_A,0.0036363636363636364,0.8475236505286589,1,1798,0.0,2.0,0.689508300687737,varA
cardiovascular,2,indication,11514.0,p_B,0.003472222222222222,0.8402893711741792,1,1798,0.0,2.0,0.689508300687737,varA
cardiovascular,2,indication,11514.0,fuse_rankavg,0.004694835680751174,0.8823038397328882,1,1798,0.0,2.0,0.689508300687737,varA
cardiovascular,2,indication,8889.0,p_A,0.022222222222222223,0.9755147468002227,1,1798,0.0,2.0,0.6650748329582594,varA
cardiovascular,2,indication,8889.0,p_B,0.0007698229407236335,0.27768503060656646,1,1798,0.0,2.0,0.6650748329582594,varA
cardiovascular,2,indication,8889.0,fuse_rankavg,0.0015220700152207,0.6352253756260434,1,1798,0.0,2.0,0.6650748329582594,varA
cardiovascular,2,indication,8638.0,p_A,0.011907092059763816,0.9317928730512249,2,1798,0.0,9.0,-0.14427658533851986,varA
cardiovascular,2,indication,8638.0,p_B,0.0034614787293774712,0.7544543429844098,2,1798,0.0,9.0,-0.14427658533851986,varA
cardiovascular,2,indication,8638.0,fuse_rankavg,0.034174311926605506,0.9649220489977728,2,1798,0.0,9.0,-0.14427658533851986,varA
cardiovascular,2,indication,6812.0,p_A,0.0031901340007352164,0.7452672605790646,2,1798,0.0,6.0,0.010456131540765684,varA
cardiovascular,2,indication,6812.0,p_B,0.00434789935792649,0.8090200445434299,2,1798,0.0,6.0,0.010456131540765684,varA
cardiovascular,2,indication,6812.0,fuse_rankavg,0.011518632121647197,0.9239977728285078,2,1798,0.0,6.0,0.010456131540765684,varA
cardiovascular,2,indication,6658.0,p_A,0.001037344398340249,0.4641068447412354,1,1798,0.0,50.0,0.6392050325211964,varA
cardiovascular,2,indication,6658.0,p_B,0.0013717421124828531,0.5948803561491374,1,1798,0.0,50.0,0.6392050325211964,varA
cardiovascular,2,indication,6658.0,fuse_rankavg,0.0011904761904761906,0.5331107401224263,1,1798,0.0,50.0,0.6392050325211964,varA
cardiovascular,2,indication,5081.0,p_A,0.0007283321194464676,0.23650528658875902,1,1798,0.0,4.0,0.3470692847874457,varA
cardiovascular,2,indication,5081.0,p_B,0.0007132667617689016,0.22036727879799667,1,1798,0.0,4.0,0.3470692847874457,varA
cardiovascular,2,indication,5081.0,fuse_rankavg,0.0006583278472679394,0.1552587646076795,1,1798,0.0,4.0,0.3470692847874457,varA
cardiovascular,2,indication,1641.0,p_A,0.007518796992481203,0.9265442404006679,1,1798,0.0,2.0,-0.39448458352547006,varA
cardiovascular,2,indication,1641.0,p_B,0.0007727975270479134,0.28046744574290483,1,1798,0.0,2.0,-0.39448458352547006,varA
cardiovascular,2,indication,1641.0,fuse_rankavg,0.002066115702479339,0.7312186978297162,1,1798,0.0,2.0,-0.39448458352547006,varA
cardiovascular,2,indication,1072.0,p_A,0.0005561735261401557,0.5,1,1798,0.0,0.0,,varA
cardiovascular,2,indication,1072.0,p_B,0.0005561735261401557,0.5,1,1798,0.0,0.0,,varA
cardiovascular,2,indication,1072.0,fuse_rankavg,0.0005561735261401557,0.5,1,1798,0.0,0.0,,varA
cardiovascular,2,indication,945.0,p_A,0.0011806375442739079,0.530328324986088,1,1798,0.0,4.0,0.9387078340580987,varA
cardiovascular,2,indication,945.0,p_B,0.001199040767386091,0.5375626043405676,1,1798,0.0,4.0,0.9387078340580987,varA
cardiovascular,2,indication,945.0,fuse_rankavg,0.0011862396204033216,0.5325542570951586,1,1798,0.0,4.0,0.9387078340580987,varA
cardiovascular,2,contraindication,19180.0,p_A,0.24312112841844444,0.7477642276422763,32,1262,0.0,17.0,0.38580474623544614,varA
cardiovascular,2,contraindication,19180.0,p_B,0.028611711537508203,0.5042936991869919,32,1262,0.0,17.0,0.38580474623544614,varA
cardiovascular,2,contraindication,19180.0,fuse_rankavg,0.05651024693946449,0.6510543699186992,32,1262,0.0,17.0,0.38580474623544614,varA
cardiovascular,2,contraindication,5044.0,p_A,0.5112361411617414,0.7824547640568242,307,1262,0.0,19.0,0.42327042352318633,varA
cardiovascular,2,contraindication,5044.0,p_B,0.2844971308079459,0.5999624810273378,307,1262,0.0,19.0,0.42327042352318633,varA
cardiovascular,2,contraindication,5044.0,fuse_rankavg,0.4531748227077278,0.7266367651823935,307,1262,0.0,19.0,0.42327042352318633,varA
cardiovascular,2,contraindication,5294.0,p_A,0.12359430967091481,0.6107751736940528,61,1262,0.0,9.0,-0.5241377226880976,varA
cardiovascular,2,contraindication,5294.0,p_B,0.041416559443574794,0.4435238394234313,61,1262,0.0,9.0,-0.5241377226880976,varA
cardiovascular,2,contraindication,5294.0,fuse_rankavg,0.06906999503875748,0.5664541843545678,61,1262,0.0,9.0,-0.5241377226880976,varA
cardiovascular,2,contraindication,5009.0,p_A,0.15404382349211165,0.7004790877295249,94,1262,0.0,92.0,0.2563600839211416,varA
cardiovascular,2,contraindication,5009.0,p_B,0.0848671696290419,0.5610153745263772,94,1262,0.0,92.0,0.2563600839211416,varA
cardiovascular,2,contraindication,5009.0,fuse_rankavg,0.14995808570841604,0.6603623214806178,94,1262,0.0,92.0,0.2563600839211416,varA
cardiovascular,2,contraindication,1574.0,p_A,0.03626840267930464,0.6100609756097561,32,1262,0.0,7.0,0.43120711554703894,varA
cardiovascular,2,contraindication,1574.0,p_B,0.027377477935183955,0.4876270325203252,32,1262,0.0,7.0,0.43120711554703894,varA
cardiovascular,2,contraindication,1574.0,fuse_rankavg,0.035294864621166405,0.5570503048780489,32,1262,0.0,7.0,0.43120711554703894,varA
cardiovascular,2,contraindication,1576.0,p_A,0.03666867596488499,0.6167936991869919,32,1262,0.0,6.0,0.34024065071871235,varA
cardiovascular,2,contraindication,1576.0,p_B,0.02566026266986981,0.47261178861788616,32,1262,0.0,6.0,0.34024065071871235,varA
cardiovascular,2,contraindication,1576.0,fuse_rankavg,0.030465883275804625,0.556808943089431,32,1262,0.0,6.0,0.34024065071871235,varA
cardiovascular,2,contraindication,5386.0,p_A,0.07403807870520118,0.5570161290322581,62,1262,0.0,3.0,0.05696450934309445,varA
cardiovascular,2,contraindication,5386.0,p_B,0.04221706129294105,0.4183467741935484,62,1262,0.0,3.0,0.05696450934309445,varA
cardiovascular,2,contraindication,5386.0,fuse_rankavg,0.0720503018853604,0.49584005376344087,62,1262,0.0,3.0,0.05696450934309445,varA
cardiovascular,2,contraindication,5295.0,p_A,0.04117277899571196,0.43876004968537147,61,1262,0.0,2.0,0.9810618780951114,varA
cardiovascular,2,contraindication,5295.0,p_B,0.041536921607443766,0.4392923929512291,61,1262,0.0,2.0,0.9810618780951114,varA
cardiovascular,2,contraindication,5295.0,fuse_rankavg,0.04133455669366011,0.4386440261530691,61,1262,0.0,2.0,0.9810618780951114,varA
cardiovascular,2,contraindication,992.0,p_A,0.31976083659391763,0.695257768596877,215,1262,0.0,9.0,0.045923606228577794,varA
cardiovascular,2,contraindication,992.0,p_B,0.14491823106687277,0.43022145221119035,215,1262,0.0,9.0,0.045923606228577794,varA
cardiovascular,2,contraindication,992.0,fuse_rankavg,0.21414250154285824,0.5917949401390463,215,1262,0.0,9.0,0.045923606228577794,varA
cardiovascular,2,contraindication,5010.0,p_A,0.5443694589467296,0.7975229007633587,262,1262,0.0,216.0,0.4847768492710633,varA
cardiovascular,2,contraindication,5010.0,p_B,0.22760723936818114,0.5849312977099237,262,1262,0.0,216.0,0.4847768492710633,varA
cardiovascular,2,contraindication,5010.0,fuse_rankavg,0.34493036417237194,0.7210305343511451,262,1262,0.0,216.0,0.4847768492710633,varA
cardiovascular,2,contraindication,465.0,p_A,0.05126913364688064,0.6213528932355338,35,1262,0.0,11.0,0.5440436524628752,varA
cardiovascular,2,contraindication,465.0,p_B,0.03300145584278373,0.5563627896146233,35,1262,0.0,11.0,0.5440436524628752,varA
cardiovascular,2,contraindication,465.0,fuse_rankavg,0.038720290212174976,0.600768424729305,35,1262,0.0,11.0,0.5440436524628752,varA
cardiovascular,2,contraindication,6659.0,p_A,0.03565876667669412,0.5704896943255866,29,1262,0.0,1.0,0.9759021088379508,varA
cardiovascular,2,contraindication,6659.0,p_B,0.0434520932135027,0.5884721872640323,29,1262,0.0,1.0,0.9759021088379508,varA
cardiovascular,2,contraindication,6659.0,fuse_rankavg,0.03765911517800869,0.5794529742428056,29,1262,0.0,1.0,0.9759021088379508,varA
cardiovascular,2,contraindication,5279.0,p_A,0.8063533610353338,0.945526751241037,37,1262,0.0,11.0,0.42034238992320605,varA
cardiovascular,2,contraindication,5279.0,p_B,0.03558110132697522,0.5954550468836183,37,1262,0.0,11.0,0.42034238992320605,varA
cardiovascular,2,contraindication,5279.0,fuse_rankavg,0.12549185224911155,0.825603971318257,37,1262,0.0,11.0,0.42034238992320605,varA
cardiovascular,2,contraindication,5267.0,p_A,0.16500702990738458,0.54750544115185,176,1262,0.0,59.0,0.16370042548953773,varA
cardiovascular,2,contraindication,5267.0,p_B,0.16365017060855913,0.5139848066298343,176,1262,0.0,59.0,0.16370042548953773,varA
cardiovascular,2,contraindication,5267.0,fuse_rankavg,0.1935129869374203,0.5369972166415538,176,1262,0.0,59.0,0.16370042548953773,varA
cardiovascular,2,contraindication,4995.0,p_A,0.17034117333039286,0.5609827557341369,176,1262,0.0,4.0,0.22353135987122563,varA
cardiovascular,2,contraindication,4995.0,p_B,0.14872464770927968,0.5155072827724761,176,1262,0.0,4.0,0.22353135987122563,varA
cardiovascular,2,contraindication,4995.0,fuse_rankavg,0.17223259691354997,0.5487035409342039,176,1262,0.0,4.0,0.22353135987122563,varA
cardiovascular,2,contraindication,11057.0,p_A,0.3092977645963997,0.8272554855866253,131,1262,0.0,30.0,0.06950251131458036,varA
cardiovascular,2,contraindication,11057.0,p_B,0.10435747896834423,0.5397439272143142,131,1262,0.0,30.0,0.06950251131458036,varA
cardiovascular,2,contraindication,11057.0,fuse_rankavg,0.29298316931987745,0.7505180175619766,131,1262,0.0,30.0,0.06950251131458036,varA
cardiovascular,2,contraindication,2800.0,p_A,0.039332152169839596,0.5815040778246011,39,1262,0.0,4.0,0.9803854018815298,varA
cardiovascular,2,contraindication,2800.0,p_B,0.04206670950489018,0.5834329203094534,39,1262,0.0,4.0,0.9803854018815298,varA
cardiovascular,2,contraindication,2800.0,fuse_rankavg,0.04081601534796235,0.582961192527832,39,1262,0.0,4.0,0.9803854018815298,varA
cardiovascular,2,contraindication,5068.0,p_A,0.5964987549525673,0.8614762431333381,214,1262,0.0,83.0,0.271729745289884,varA
cardiovascular,2,contraindication,5068.0,p_B,0.20646713606727077,0.5963785046728972,214,1262,0.0,83.0,0.271729745289884,varA
cardiovascular,2,contraindication,5068.0,fuse_rankavg,0.4790252679928915,0.7910461404009417,214,1262,0.0,83.0,0.271729745289884,varA
cardiovascular,2,contraindication,2679.0,p_A,0.261400392320258,0.7986584657495007,109,1262,0.0,10.0,0.13363136397831082,varA
cardiovascular,2,contraindication,2679.0,p_B,0.09053290768973736,0.5415708522641375,109,1262,0.0,10.0,0.13363136397831082,varA
cardiovascular,2,contraindication,2679.0,fuse_rankavg,0.286352282379838,0.7227416313247452,109,1262,0.0,10.0,0.13363136397831082,varA
cardiovascular,2,contraindication,6716.0,p_A,0.5880622330511313,0.86074944709995,214,1262,0.0,87.0,0.23009666884198202,varA
cardiovascular,2,contraindication,6716.0,p_B,0.18857401042321753,0.5773881715060284,214,1262,0.0,87.0,0.23009666884198202,varA
cardiovascular,2,contraindication,6716.0,fuse_rankavg,0.43843437618051184,0.7802868837839766,214,1262,0.0,87.0,0.23009666884198202,varA
cardiovascular,2,contraindication,2277.0,p_A,0.2369382272566304,0.7804622804622805,74,1262,0.0,97.0,0.4274130020197357,varA
cardiovascular,2,contraindication,2277.0,p_B,0.06966890943345874,0.5822640822640823,74,1262,0.0,97.0,0.4274130020197357,varA
cardiovascular,2,contraindication,2277.0,fuse_rankavg,0.11933480319437496,0.7162730912730912,74,1262,0.0,97.0,0.4274130020197357,varA
cardiovascular,2,contraindication,4994.0,p_A,0.03568558562687518,0.7774557165861513,20,1262,0.0,35.0,0.30862764944352433,varA
cardiovascular,2,contraindication,4994.0,p_B,0.016196583736436378,0.4911433172302737,20,1262,0.0,35.0,0.30862764944352433,varA
cardiovascular,2,contraindication,4994.0,fuse_rankavg,0.04946573431617828,0.6607286634460547,20,1262,0.0,35.0,0.30862764944352433,varA
cardiovascular,2,contraindication,5311.0,p_A,0.24411005177794023,0.8144053144053144,74,1262,0.0,99.0,0.3609322015961805,varA
cardiovascular,2,contraindication,5311.0,p_B,0.06413977572045738,0.5744949494949496,74,1262,0.0,99.0,0.3609322015961805,varA
cardiovascular,2,contraindication,5311.0,fuse_rankavg,0.11514412154238209,0.7432148057148057,74,1262,0.0,99.0,0.3609322015961805,varA
cardiovascular,2,contraindication,6746.0,p_A,0.03188232963878434,0.7467793880837359,20,1262,0.0,28.0,0.3009376065996328,varA
cardiovascular,2,contraindication,6746.0,p_B,0.01656903185846172,0.50829307568438,20,1262,0.0,28.0,0.3009376065996328,varA
cardiovascular,2,contraindication,6746.0,fuse_rankavg,0.07598657082077725,0.649416264090177,20,1262,0.0,28.0,0.3009376065996328,varA
cardiovascular,2,contraindication,11479.0,p_A,0.08695305295540559,0.6380154192654192,78,1262,0.0,5.0,0.6007062932896287,varA
cardiovascular,2,contraindication,11479.0,p_B,0.07334296488458295,0.5668529106029105,78,1262,0.0,5.0,0.6007062932896287,varA
cardiovascular,2,contraindication,11479.0,fuse_rankavg,0.08742582533311022,0.61320816008316,78,1262,0.0,5.0,0.6007062932896287,varA
cardiovascular,2,contraindication,1823.0,p_A,0.06722242340761564,0.6587615628521265,31,1262,0.0,17.0,0.5430982574759637,varA
cardiovascular,2,contraindication,1823.0,p_B,0.031672110116811474,0.5988574722884621,31,1262,0.0,17.0,0.5430982574759637,varA
cardiovascular,2,contraindication,1823.0,fuse_rankavg,0.04722482054795258,0.6452923141427112,31,1262,0.0,17.0,0.5430982574759637,varA
cardiovascular,2,contraindication,8364.0,p_A,0.05875648597944738,0.6415546427682349,26,1262,0.0,5.0,0.20520958627782282,varA
cardiovascular,2,contraindication,8364.0,p_B,0.016767655464711886,0.39752925068459055,26,1262,0.0,5.0,0.20520958627782282,varA
cardiovascular,2,contraindication,8364.0,fuse_rankavg,0.026101265582727975,0.509817649987553,26,1262,0.0,5.0,0.20520958627782282,varA
cardiovascular,2,contraindication,1370.0,p_A,0.00842021566703489,0.46461661341853033,10,1262,0.0,3.0,0.9751187684282003,varA
cardiovascular,2,contraindication,1370.0,p_B,0.008160205706943556,0.46669329073482424,10,1262,0.0,3.0,0.9751187684282003,varA
cardiovascular,2,contraindication,1370.0,fuse_rankavg,0.008293212168209937,0.4663338658146965,10,1262,0.0,3.0,0.9751187684282003,varA
cardiovascular,2,contraindication,5904.0,p_A,0.018877828593699467,0.644852354349561,9,1262,0.0,8.0,0.23604052480893895,varA
cardiovascular,2,contraindication,5904.0,p_B,0.007681406417929361,0.4701605036800567,9,1262,0.0,8.0,0.23604052480893895,varA
cardiovascular,2,contraindication,5904.0,fuse_rankavg,0.016776316279621294,0.5787886849339363,9,1262,0.0,8.0,0.23604052480893895,varA
cardiovascular,2,contraindication,18882.0,p_A,0.03095370975714764,0.7545671167593327,3,1262,0.0,21.0,0.11865023815479284,varA
cardiovascular,2,contraindication,18882.0,p_B,0.0074468005287209975,0.7013502779984114,3,1262,0.0,21.0,0.11865023815479284,varA
cardiovascular,2,contraindication,18882.0,fuse_rankavg,0.01626956572908085,0.8108287000264761,3,1262,0.0,21.0,0.11865023815479284,varA
cardiovascular,2,contraindication,5291.0,p_A,0.005789956687486858,0.6650781043155943,3,1262,0.0,2.0,0.9821367949475844,varA
cardiovascular,2,contraindication,5291.0,p_B,0.0060899867546051634,0.6775218427323272,3,1262,0.0,2.0,0.9821367949475844,varA
cardiovascular,2,contraindication,5291.0,fuse_rankavg,0.005987835722927332,0.6728885358750331,3,1262,0.0,2.0,0.9821367949475844,varA
cardiovascular,2,contraindication,6981.0,p_A,0.02253937865249249,0.7483333333333333,12,1262,0.0,51.0,0.2603076409989901,varA
cardiovascular,2,contraindication,6981.0,p_B,0.012328208785298472,0.5808,12,1262,0.0,51.0,0.2603076409989901,varA
cardiovascular,2,contraindication,6981.0,fuse_rankavg,0.02216220305132956,0.7119666666666666,12,1262,0.0,51.0,0.2603076409989901,varA
cardiovascular,2,contraindication,5783.0,p_A,0.010102575245375783,0.5665335463258786,10,1262,0.0,3.0,0.30632076435692474,varA
cardiovascular,2,contraindication,5783.0,p_B,0.00925181601736103,0.552076677316294,10,1262,0.0,3.0,0.30632076435692474,varA
cardiovascular,2,contraindication,5783.0,fuse_rankavg,0.010546187872771942,0.5652555910543131,10,1262,0.0,3.0,0.30632076435692474,varA
cardiovascular,2,contraindication,4745.0,p_A,0.09771895471211084,0.8873563218390803,15,1262,0.0,2.0,-0.28113201537342264,varA
cardiovascular,2,contraindication,4745.0,p_B,0.007597469348636958,0.23127506014434643,15,1262,0.0,2.0,-0.28113201537342264,varA
cardiovascular,2,contraindication,4745.0,fuse_rankavg,0.014412203824859752,0.5895749799518846,15,1262,0.0,2.0,-0.28113201537342264,varA
cardiovascular,2,contraindication,2869.0,p_A,0.033662993591175874,0.6450444624090541,25,1262,0.0,5.0,-0.4144050715446509,varA
cardiovascular,2,contraindication,2869.0,p_B,0.02019074519328985,0.4769603880355699,25,1262,0.0,5.0,-0.4144050715446509,varA
cardiovascular,2,contraindication,2869.0,fuse_rankavg,0.043485958832041,0.6130153597413096,25,1262,0.0,5.0,-0.4144050715446509,varA
cardiovascular,2,contraindication,4596.0,p_A,0.3339623728418985,0.9386913875195586,49,1262,0.0,2.0,0.04551413520646286,varA
cardiovascular,2,contraindication,4596.0,p_B,0.039755556308589644,0.5398657401955012,49,1262,0.0,2.0,0.04551413520646286,varA
cardiovascular,2,contraindication,4596.0,fuse_rankavg,0.1514918514677645,0.8329996466847249,49,1262,0.0,2.0,0.04551413520646286,varA
cardiovascular,2,contraindication,5264.0,p_A,0.04846950250671509,0.616092375366569,22,1262,0.0,50.0,0.2810479163138533,varA
cardiovascular,2,contraindication,5264.0,p_B,0.015518502104467074,0.4300953079178885,22,1262,0.0,50.0,0.2810479163138533,varA
cardiovascular,2,contraindication,5264.0,fuse_rankavg,0.018886254437449557,0.5178702346041055,22,1262,0.0,50.0,0.2810479163138533,varA
cardiovascular,2,contraindication,1613.0,p_A,0.010286530153088115,0.33051982851018225,18,1262,0.0,10.0,0.3724968133734341,varA
cardiovascular,2,contraindication,1613.0,p_B,0.012532651827132594,0.43265451947123973,18,1262,0.0,10.0,0.3724968133734341,varA
cardiovascular,2,contraindication,1613.0,fuse_rankavg,0.010624333612062843,0.3496784565916399,18,1262,0.0,10.0,0.3724968133734341,varA
cardiovascular,2,contraindication,8504.0,p_A,0.08091202944620611,0.783418723800652,19,1262,0.0,4.0,0.35918526841920007,varA
cardiovascular,2,contraindication,8504.0,p_B,0.026133277643216882,0.6734555616716771,19,1262,0.0,4.0,0.35918526841920007,varA
cardiovascular,2,contraindication,8504.0,fuse_rankavg,0.08074085249632953,0.767921412541813,19,1262,0.0,4.0,0.35918526841920007,varA
cardiovascular,2,contraindication,8685.0,p_A,0.03629122726508709,0.7798984228815825,15,1262,0.0,2.0,0.2298671069478713,varA
cardiovascular,2,contraindication,8685.0,p_B,0.01275470975226079,0.5238171611868484,15,1262,0.0,2.0,0.2298671069478713,varA
cardiovascular,2,contraindication,8685.0,fuse_rankavg,0.027484874398399715,0.6922213311948677,15,1262,0.0,2.0,0.2298671069478713,varA
cardiovascular,2,contraindication,4978.0,p_A,0.020479054030891817,0.5811068298259728,19,1262,0.0,3.0,0.9778999600311546,varA
cardiovascular,2,contraindication,4978.0,p_B,0.019532321568945916,0.585679806918745,19,1262,0.0,3.0,0.9778999600311546,varA
cardiovascular,2,contraindication,4978.0,fuse_rankavg,0.020217554908320605,0.584811788118728,19,1262,0.0,3.0,0.9778999600311546,varA
cardiovascular,2,contraindication,6945.0,p_A,0.026693839244778063,0.6441505115778138,24,1262,0.0,1.0,0.05531123980707128,varA
cardiovascular,2,contraindication,6945.0,p_B,0.0148268508346138,0.3923330640818524,24,1262,0.0,1.0,0.05531123980707128,varA
cardiovascular,2,contraindication,6945.0,fuse_rankavg,0.01962545317683398,0.5316875336564351,24,1262,0.0,1.0,0.05531123980707128,varA
cardiovascular,2,contraindication,4981.0,p_A,0.014353449368807888,0.5871680402930404,14,1262,0.0,132.0,0.5064991181270877,varA
cardiovascular,2,contraindication,4981.0,p_B,0.008902812778421232,0.38890796703296704,14,1262,0.0,132.0,0.5064991181270877,varA
cardiovascular,2,contraindication,4981.0,fuse_rankavg,0.010583759142832438,0.4791666666666667,14,1262,0.0,132.0,0.5064991181270877,varA
cardiovascular,2,contraindication,831.0,p_A,0.008099379281654715,0.6163747346072187,6,1262,0.0,9.0,-0.23180889011122885,varA
cardiovascular,2,contraindication,831.0,p_B,0.0050135721473682435,0.4648354564755839,6,1262,0.0,9.0,-0.23180889011122885,varA
cardiovascular,2,contraindication,831.0,fuse_rankavg,0.0067378869596198526,0.5798168789808917,6,1262,0.0,9.0,-0.23180889011122885,varA
cardiovascular,2,contraindication,5453.0,p_A,0.004183006535947713,0.7214285714285715,2,1262,0.0,19.0,0.26104179128011684,varA
cardiovascular,2,contraindication,5453.0,p_B,0.002305549824633794,0.4996031746031746,2,1262,0.0,19.0,0.26104179128011684,varA
cardiovascular,2,contraindication,5453.0,fuse_rankavg,0.0033000391696043872,0.6426587301587301,2,1262,0.0,19.0,0.26104179128011684,varA
cardiovascular,2,contraindication,4496.0,p_A,0.04387833454335971,0.8139952153110047,8,1262,0.0,12.0,0.30923611682652563,varA
cardiovascular,2,contraindication,4496.0,p_B,0.0063552796773470605,0.45574162679425834,8,1262,0.0,12.0,0.30923611682652563,varA
cardiovascular,2,contraindication,4496.0,fuse_rankavg,0.010485891271827783,0.6714015151515151,8,1262,0.0,12.0,0.30923611682652563,varA
cardiovascular,2,contraindication,5299.0,p_A,0.029975278549486888,0.7094085306375809,9,1262,0.0,56.0,0.11932290525294033,varA
cardiovascular,2,contraindication,5299.0,p_B,0.006303215040829889,0.41872838520883215,9,1262,0.0,56.0,0.11932290525294033,varA
cardiovascular,2,contraindication,5299.0,fuse_rankavg,0.009825200512080174,0.5868582069699387,9,1262,0.0,56.0,0.11932290525294033,varA
cardiovascular,2,contraindication,6021.0,p_A,0.0066752108409665395,0.2856666666666667,12,1262,0.0,1.0,0.9746551682944741,varA
cardiovascular,2,contraindication,6021.0,p_B,0.0065008285384321315,0.2624666666666667,12,1262,0.0,1.0,0.9746551682944741,varA
cardiovascular,2,contraindication,6021.0,fuse_rankavg,0.006569363661601694,0.2725666666666667,12,1262,0.0,1.0,0.9746551682944741,varA
cardiovascular,2,contraindication,1632.0,p_A,0.0063630273498355115,0.4090626939788951,9,1262,0.0,1.0,0.9804629693230977,varA
cardiovascular,2,contraindication,1632.0,p_B,0.006568802490743076,0.41642280748426,9,1262,0.0,1.0,0.9804629693230977,varA
cardiovascular,2,contraindication,1632.0,fuse_rankavg,0.006460691494407842,0.41296444089740175,9,1262,0.0,1.0,0.9804629693230977,varA
cardiovascular,2,contraindication,991.0,p_A,0.000792393026941363,0.5,1,1262,0.0,0.0,,varA
cardiovascular,2,contraindication,991.0,p_B,0.000792393026941363,0.5,1,1262,0.0,0.0,,varA
cardiovascular,2,contraindication,991.0,fuse_rankavg,0.000792393026941363,0.5,1,1262,0.0,0.0,,varA
cardiovascular,2,contraindication,6786.0,p_A,0.016905803371840302,0.8901033386327504,4,1262,0.0,3.0,0.35468770014834355,varA
cardiovascular,2,contraindication,6786.0,p_B,0.0046787730384594585,0.5806836248012719,4,1262,0.0,3.0,0.35468770014834355,varA
cardiovascular,2,contraindication,6786.0,fuse_rankavg,0.010665441338558698,0.8023648648648649,4,1262,0.0,3.0,0.35468770014834355,varA
cardiovascular,2,contraindication,8585.0,p_A,0.009604829803512809,0.4994431185361973,5,1262,0.0,5.0,0.03396718387349486,varA
cardiovascular,2,contraindication,8585.0,p_B,0.004314414643527059,0.377406523468576,5,1262,0.0,5.0,0.03396718387349486,varA
cardiovascular,2,contraindication,8585.0,fuse_rankavg,0.007786912906400382,0.40763723150357994,5,1262,0.0,5.0,0.03396718387349486,varA
cardiovascular,2,contraindication,4717.0,p_A,0.002377179080824089,0.5,3,1262,0.0,0.0,,varA
cardiovascular,2,contraindication,4717.0,p_B,0.002377179080824089,0.5,3,1262,0.0,0.0,,varA
cardiovascular,2,contraindication,4717.0,fuse_rankavg,0.002377179080824089,0.5,3,1262,0.0,0.0,,varA
cardiovascular,2,contraindication,565.0,p_A,0.011542554380080915,0.7015550239234449,8,1262,0.0,4.0,0.46725133006340475,varA
cardiovascular,2,contraindication,565.0,p_B,0.008188011672929926,0.5819377990430623,8,1262,0.0,4.0,0.46725133006340475,varA
cardiovascular,2,contraindication,565.0,fuse_rankavg,0.010644643317542614,0.6852073365231259,8,1262,0.0,4.0,0.46725133006340475,varA
cardiovascular,2,contraindication,6805.0,p_A,0.0018083182640144665,0.5622521808088818,1,1262,0.0,4.0,0.5071485185750051,varA
cardiovascular,2,contraindication,6805.0,p_B,0.0048543689320388345,0.8374306106264869,1,1262,0.0,4.0,0.5071485185750051,varA
cardiovascular,2,contraindication,6805.0,fuse_rankavg,0.0033003300330033004,0.76050753370341,1,1262,0.0,4.0,0.5071485185750051,varA
cardiovascular,2,contraindication,5356.0,p_A,0.0015597384234711915,0.24563492063492065,2,1262,0.0,5.0,0.6185400932236224,varA
cardiovascular,2,contraindication,5356.0,p_B,0.0013911760190909472,0.15119047619047615,2,1262,0.0,5.0,0.6185400932236224,varA
cardiovascular,2,contraindication,5356.0,fuse_rankavg,0.001400349600860556,0.15734126984126984,2,1262,0.0,5.0,0.6185400932236224,varA
cardiovascular,2,contraindication,5201.0,p_A,0.010983663538408064,0.6979083929044214,3,1262,0.0,9.0,0.4527297401851916,varA
cardiovascular,2,contraindication,5201.0,p_B,0.006699763286418829,0.7675403759597564,3,1262,0.0,9.0,0.4527297401851916,varA
cardiovascular,2,contraindication,5201.0,fuse_rankavg,0.013493320998832159,0.7807783955520254,3,1262,0.0,9.0,0.4527297401851916,varA
cardiovascular,2,contraindication,6711.0,p_A,0.007191888469381139,0.7064785373608903,4,1262,0.0,1.0,0.9828089247096988,varA
cardiovascular,2,contraindication,6711.0,p_B,0.007257197416165449,0.7150238473767885,4,1262,0.0,1.0,0.9828089247096988,varA
cardiovascular,2,contraindication,6711.0,fuse_rankavg,0.007268789970972255,0.7104531001589826,4,1262,0.0,1.0,0.9828089247096988,varA
cardiovascular,2,contraindication,1297.0,p_A,0.0027599946293769538,0.3135930047694754,4,1262,0.0,1.0,0.413855161848449,varA
cardiovascular,2,contraindication,1297.0,p_B,0.058373818867414454,0.7329093799682035,4,1262,0.0,1.0,0.413855161848449,varA
cardiovascular,2,contraindication,1297.0,fuse_rankavg,0.004492501965301132,0.5417329093799682,4,1262,0.0,1.0,0.413855161848449,varA
cardiovascular,2,contraindication,5081.0,p_A,0.011436928794946675,0.31816972599095505,9,1262,0.0,4.0,0.4157084756191685,varA
cardiovascular,2,contraindication,5081.0,p_B,0.009372372521961724,0.512902367650971,9,1262,0.0,4.0,0.4157084756191685,varA
cardiovascular,2,contraindication,5081.0,fuse_rankavg,0.0062995959304980136,0.40245632703733264,9,1262,0.0,4.0,0.4157084756191685,varA
cardiovascular,2,contraindication,1072.0,p_A,0.006339144215530904,0.5,8,1262,0.0,0.0,,varA
cardiovascular,2,contraindication,1072.0,p_B,0.006339144215530904,0.5,8,1262,0.0,0.0,,varA
cardiovascular,2,contraindication,1072.0,fuse_rankavg,0.006339144215530904,0.5,8,1262,0.0,0.0,,varA
cardiovascular,2,contraindication,17991.0,p_A,1.0,1.0,2,1262,0.0,13.0,0.4880181378374988,varA
cardiovascular,2,contraindication,17991.0,p_B,0.5163934426229508,0.9765873015873016,2,1262,0.0,13.0,0.4880181378374988,varA
cardiovascular,2,contraindication,17991.0,fuse_rankavg,0.6,0.9968253968253967,2,1262,0.0,13.0,0.4880181378374988,varA
cardiovascular,2,contraindication,10771.0,p_A,0.02139018524836618,0.7598178713716562,7,1262,0.0,5.0,0.28280127961202906,varA
cardiovascular,2,contraindication,10771.0,p_B,0.014021549924541878,0.7155378486055777,7,1262,0.0,5.0,0.28280127961202906,varA
cardiovascular,2,contraindication,10771.0,fuse_rankavg,0.017927215268440728,0.8077404667046101,7,1262,0.0,5.0,0.28280127961202906,varA
cardiovascular,2,contraindication,24573.0,p_A,0.010274084234652935,0.5980313913274807,9,1262,0.0,15.0,0.42297284682809494,varA
cardiovascular,2,contraindication,24573.0,p_B,0.010986421416989934,0.6464485235434956,9,1262,0.0,15.0,0.42297284682809494,varA
cardiovascular,2,contraindication,24573.0,fuse_rankavg,0.01142420347090414,0.6432118471224617,9,1262,0.0,15.0,0.42297284682809494,varA
cardiovascular,2,contraindication,745.0,p_A,0.008547008547008548,0.9080095162569389,1,1262,0.0,6.0,0.49113800040127054,varA
cardiovascular,2,contraindication,745.0,p_B,0.00558659217877095,0.858842188739096,1,1262,0.0,6.0,0.49113800040127054,varA
cardiovascular,2,contraindication,745.0,fuse_rankavg,0.016129032258064516,0.9516256938937351,1,1262,0.0,6.0,0.49113800040127054,varA
cardiovascular,2,contraindication,8889.0,p_A,0.003993375456956581,0.5282193958664547,4,1262,0.0,2.0,0.3698269160037208,varA
cardiovascular,2,contraindication,8889.0,p_B,0.00416842823626746,0.5069554848966613,4,1262,0.0,2.0,0.3698269160037208,varA
cardiovascular,2,contraindication,8889.0,fuse_rankavg,0.003847465071800981,0.5137122416534181,4,1262,0.0,2.0,0.3698269160037208,varA
cardiovascular,2,contraindication,5852.0,p_A,0.002609370933484262,0.4196452210749272,3,1262,0.0,1.0,0.9830812167592362,varA
cardiovascular,2,contraindication,5852.0,p_B,0.0028106686193796046,0.4442679375165475,3,1262,0.0,1.0,0.9830812167592362,varA
cardiovascular,2,contraindication,5852.0,fuse_rankavg,0.00267945407646172,0.43010325655281967,3,1262,0.0,1.0,0.9830812167592362,varA
cardiovascular,2,contraindication,6686.0,p_A,0.0035986161298900655,0.5634101138469685,3,1262,0.0,11.0,0.12317895400436393,varA
cardiovascular,2,contraindication,6686.0,p_B,0.004215123704297722,0.5766481334392374,3,1262,0.0,11.0,0.12317895400436393,varA
cardiovascular,2,contraindication,6686.0,fuse_rankavg,0.006031206089584828,0.6187450357426529,3,1262,0.0,11.0,0.12317895400436393,varA
cardiovascular,2,contraindication,944.0,p_A,0.003335234927630164,0.5371988350542758,3,1262,0.0,13.0,0.09501416940193096,varA
cardiovascular,2,contraindication,944.0,p_B,0.005179324470663053,0.6213926396611067,3,1262,0.0,13.0,0.09501416940193096,varA
cardiovascular,2,contraindication,944.0,fuse_rankavg,0.006878111316690971,0.6388668255229017,3,1262,0.0,13.0,0.09501416940193096,varA
cardiovascular,2,contraindication,4910.0,p_A,0.006887664415215072,0.8011904761904762,2,1262,0.0,3.0,0.5625880324339612,varA
cardiovascular,2,contraindication,4910.0,p_B,0.00269455315326875,0.5714285714285714,2,1262,0.0,3.0,0.5625880324339612,varA
cardiovascular,2,contraindication,4910.0,fuse_rankavg,0.004431558124199993,0.719047619047619,2,1262,0.0,3.0,0.5625880324339612,varA
cardiovascular,2,contraindication,1298.0,p_A,0.00784313725490196,0.8257936507936509,2,1262,0.0,1.0,0.573738465596956,varA
cardiovascular,2,contraindication,1298.0,p_B,0.0202485966319166,0.944047619047619,2,1262,0.0,1.0,0.573738465596956,varA
cardiovascular,2,contraindication,1298.0,fuse_rankavg,0.01833060556464812,0.9311507936507937,2,1262,0.0,1.0,0.573738465596956,varA
cardiovascular,2,contraindication,1641.0,p_A,0.004154477999973184,0.5822081016679905,3,1262,0.0,2.0,-0.006820448060039301,varA
cardiovascular,2,contraindication,1641.0,p_B,0.008471439690405664,0.35186656076250994,3,1262,0.0,2.0,-0.006820448060039301,varA
cardiovascular,2,contraindication,1641.0,fuse_rankavg,0.02112484993997599,0.42096902303415407,3,1262,0.0,2.0,-0.006820448060039301,varA
cardiovascular,2,contraindication,5385.0,p_A,0.002207505518763797,0.641554321966693,1,1262,0.0,30.0,0.013007884440584207,varA
cardiovascular,2,contraindication,5385.0,p_B,0.0008291873963515755,0.04440919904837426,1,1262,0.0,30.0,0.013007884440584207,varA
cardiovascular,2,contraindication,5385.0,fuse_rankavg,0.0010235414534288639,0.22601110229976207,1,1262,0.0,30.0,0.013007884440584207,varA
cardiovascular,2,contraindication,1956.0,p_A,0.0026666666666666666,0.7034099920697859,1,1262,0.0,2.0,0.06875100507958679,varA
cardiovascular,2,contraindication,1956.0,p_B,0.001059322033898305,0.2521808088818398,1,1262,0.0,2.0,0.06875100507958679,varA
cardiovascular,2,contraindication,1956.0,fuse_rankavg,0.0014084507042253522,0.43774781919111816,1,1262,0.0,2.0,0.06875100507958679,varA
cardiovascular,2,contraindication,1221.0,p_A,0.004063648744999424,0.5244903362456976,3,1262,0.0,3.0,0.4483054585788399,varA
cardiovascular,2,contraindication,1221.0,p_B,0.0040096333992353074,0.4929838496160974,3,1262,0.0,3.0,0.4483054585788399,varA
cardiovascular,2,contraindication,1221.0,fuse_rankavg,0.003583346729345743,0.5187979878210219,3,1262,0.0,3.0,0.4483054585788399,varA
cardiovascular,2,contraindication,945.0,p_A,0.0022371364653243847,0.6463124504361617,1,1262,0.0,4.0,-0.05093378405079784,varA
cardiovascular,2,contraindication,945.0,p_B,0.005917159763313609,0.8667724028548771,1,1262,0.0,4.0,-0.05093378405079784,varA
cardiovascular,2,contraindication,945.0,fuse_rankavg,0.007874015748031496,0.9004758128469469,1,1262,0.0,4.0,-0.05093378405079784,varA
cardiovascular,2,contraindication,1954.0,p_A,0.034482758620689655,0.9777954004758128,1,1262,0.0,1.0,0.979740873280312,varA
cardiovascular,2,contraindication,1954.0,p_B,0.125,0.9944488501189532,1,1262,0.0,1.0,0.979740873280312,varA
cardiovascular,2,contraindication,1954.0,fuse_rankavg,0.07692307692307693,0.9904837430610626,1,1262,0.0,1.0,0.979740873280312,varA
cardiovascular,2,contraindication,6936.0,p_A,0.0028252398676264015,0.5666666666666667,2,1262,0.0,2.0,0.9796075661809178,varA
cardiovascular,2,contraindication,6936.0,p_B,0.0028575160837333857,0.586111111111111,2,1262,0.0,2.0,0.9796075661809178,varA
cardiovascular,2,contraindication,6936.0,fuse_rankavg,0.002827114745719397,0.5757936507936509,2,1262,0.0,2.0,0.9796075661809178,varA
cardiovascular,2,contraindication,1612.0,p_A,0.0011173184357541898,0.2910388580491673,1,1262,0.0,9.0,0.4864172108014931,varA
cardiovascular,2,contraindication,1612.0,p_B,0.0013458950201884253,0.4115781126090404,1,1262,0.0,9.0,0.4864172108014931,varA
cardiovascular,2,contraindication,1612.0,fuse_rankavg,0.0011682242990654205,0.3219666931007137,1,1262,0.0,9.0,0.4864172108014931,varA
cardiovascular,2,contraindication,6690.0,p_A,0.0013175230566534915,0.39888977002379067,1,1262,0.0,8.0,0.581935347668802,varA
cardiovascular,2,contraindication,6690.0,p_B,0.0033333333333333335,0.7628865979381444,1,1262,0.0,8.0,0.581935347668802,varA
cardiovascular,2,contraindication,6690.0,fuse_rankavg,0.00196078431372549,0.5967486122125296,1,1262,0.0,8.0,0.581935347668802,varA
cardiovascular,2,contraindication,4625.0,p_A,0.0013980106709578556,0.1515873015873016,2,1262,0.0,3.0,-0.2864940259726148,varA
cardiovascular,2,contraindication,4625.0,p_B,0.007992172211350294,0.625,2,1262,0.0,3.0,-0.2864940259726148,varA
cardiovascular,2,contraindication,4625.0,fuse_rankavg,0.0018355754155433873,0.3378968253968254,2,1262,0.0,3.0,-0.2864940259726148,varA
cardiovascular,2,off-label use,17991.0,p_A,0.6564522778808493,0.990273556231003,7,477,0.0,13.0,0.5593508020991266,varA
cardiovascular,2,off-label use,17991.0,p_B,0.030238783700449405,0.7416413373860181,7,477,0.0,13.0,0.5593508020991266,varA
cardiovascular,2,off-label use,17991.0,fuse_rankavg,0.0924712493213442,0.9224924012158054,7,477,0.0,13.0,0.5593508020991266,varA
cardiovascular,2,off-label use,5267.0,p_A,0.1859485547293429,0.9659574468085107,7,477,0.0,59.0,-0.031942604337844946,varA
cardiovascular,2,off-label use,5267.0,p_B,0.05842590424086065,0.8726443768996961,7,477,0.0,59.0,-0.031942604337844946,varA
cardiovascular,2,off-label use,5267.0,fuse_rankavg,0.37580426819557256,0.9843465045592705,7,477,0.0,59.0,-0.031942604337844946,varA
cardiovascular,2,off-label use,5904.0,p_A,0.2984338578088578,0.9656183368869936,8,477,0.0,8.0,0.018145974163106617,varA
cardiovascular,2,off-label use,5904.0,p_B,0.025749483939214297,0.662046908315565,8,477,0.0,8.0,0.018145974163106617,varA
cardiovascular,2,off-label use,5904.0,fuse_rankavg,0.16113446188785746,0.95295842217484,8,477,0.0,8.0,0.018145974163106617,varA
cardiovascular,2,off-label use,4496.0,p_A,0.30324199609913893,0.9802431610942249,7,477,0.0,12.0,0.062154438115982674,varA
cardiovascular,2,off-label use,4496.0,p_B,0.03633802251140504,0.790273556231003,7,477,0.0,12.0,0.062154438115982674,varA
cardiovascular,2,off-label use,4496.0,fuse_rankavg,0.185609243697479,0.9644376899696049,7,477,0.0,12.0,0.062154438115982674,varA
cardiovascular,2,off-label use,18882.0,p_A,0.19660598007556387,0.951226012793177,8,477,0.0,21.0,-0.06172034955959527,varA
cardiovascular,2,off-label use,18882.0,p_B,0.03811607056673738,0.7689232409381663,8,477,0.0,21.0,-0.06172034955959527,varA
cardiovascular,2,off-label use,18882.0,fuse_rankavg,0.25258328080908726,0.9697494669509595,8,477,0.0,21.0,-0.06172034955959527,varA
cardiovascular,2,off-label use,1221.0,p_A,0.009900990099009901,0.7899159663865546,1,477,0.0,3.0,0.38819552228698107,varA
cardiovascular,2,off-label use,1221.0,p_B,0.006535947712418301,0.680672268907563,1,477,0.0,3.0,0.38819552228698107,varA
cardiovascular,2,off-label use,1221.0,fuse_rankavg,0.010752688172043012,0.8077731092436975,1,477,0.0,3.0,0.38819552228698107,varA
cardiovascular,2,off-label use,11057.0,p_A,0.023513513513513516,0.8726315789473684,2,477,0.0,30.0,0.412340841336818,varA
cardiovascular,2,off-label use,11057.0,p_B,0.007397435555674033,0.588421052631579,2,477,0.0,30.0,0.412340841336818,varA
cardiovascular,2,off-label use,11057.0,fuse_rankavg,0.014801938474504846,0.7957894736842105,2,477,0.0,30.0,0.412340841336818,varA
cardiovascular,2,off-label use,2679.0,p_A,0.02674825174825175,0.8884210526315789,2,477,0.0,10.0,0.5908090648880019,varA
cardiovascular,2,off-label use,2679.0,p_B,0.007792207792207792,0.6094736842105264,2,477,0.0,10.0,0.5908090648880019,varA
cardiovascular,2,off-label use,2679.0,fuse_rankavg,0.014355742296918767,0.7905263157894737,2,477,0.0,10.0,0.5908090648880019,varA
cardiovascular,2,off-label use,11479.0,p_A,0.08691451519834864,0.9139817629179332,7,477,0.0,5.0,0.17200051413952805,varA
cardiovascular,2,off-label use,11479.0,p_B,0.0263361123428491,0.7021276595744681,7,477,0.0,5.0,0.17200051413952805,varA
cardiovascular,2,off-label use,11479.0,fuse_rankavg,0.0943647028934456,0.9100303951367781,7,477,0.0,5.0,0.17200051413952805,varA
cardiovascular,2,off-label use,4981.0,p_A,0.18143545234307798,0.7442564745196324,21,477,0.0,132.0,0.18655685457176457,varA
cardiovascular,2,off-label use,4981.0,p_B,0.03101361877698484,0.3185045948203843,21,477,0.0,132.0,0.18655685457176457,varA
cardiovascular,2,off-label use,4981.0,fuse_rankavg,0.062313436137982486,0.5312238930659983,21,477,0.0,132.0,0.18655685457176457,varA
cardiovascular,2,off-label use,4910.0,p_A,0.08766424035411377,0.9225053078556263,6,477,0.0,3.0,0.4334664475584591,varA
cardiovascular,2,off-label use,4910.0,p_B,0.02081532524171852,0.6733899504600142,6,477,0.0,3.0,0.4334664475584591,varA
cardiovascular,2,off-label use,4910.0,fuse_rankavg,0.058235752830013095,0.8736730360934183,6,477,0.0,3.0,0.4334664475584591,varA
cardiovascular,2,off-label use,6727.0,p_A,0.11061513280424734,0.6946532999164577,21,477,0.0,29.0,0.384426050288927,varA
cardiovascular,2,off-label use,6727.0,p_B,0.041374923538194455,0.49248120300751885,21,477,0.0,29.0,0.384426050288927,varA
cardiovascular,2,off-label use,6727.0,fuse_rankavg,0.06108365360990773,0.5963345864661653,21,477,0.0,29.0,0.384426050288927,varA
cardiovascular,2,off-label use,1298.0,p_A,0.09533058315953052,0.9278131634819533,6,477,0.0,1.0,0.45979536693944617,varA
cardiovascular,2,off-label use,1298.0,p_B,0.040619118987651505,0.8361641896673744,6,477,0.0,1.0,0.45979536693944617,varA
cardiovascular,2,off-label use,1298.0,fuse_rankavg,0.1477468180254558,0.9492215145081387,6,477,0.0,1.0,0.45979536693944617,varA
cardiovascular,2,off-label use,5044.0,p_A,0.03538011695906433,0.9157894736842105,2,477,0.0,19.0,0.017087510141125768,varA
cardiovascular,2,off-label use,5044.0,p_B,0.00665856890459364,0.5368421052631579,2,477,0.0,19.0,0.017087510141125768,varA
cardiovascular,2,off-label use,5044.0,fuse_rankavg,0.02250368912936547,0.8510526315789473,2,477,0.0,19.0,0.017087510141125768,varA
cardiovascular,2,off-label use,6981.0,p_A,0.011345829651868224,0.4495762711864407,5,477,0.0,51.0,0.4085469338902256,varA
cardiovascular,2,off-label use,6981.0,p_B,0.009398987641856508,0.3550847457627119,5,477,0.0,51.0,0.4085469338902256,varA
cardiovascular,2,off-label use,6981.0,fuse_rankavg,0.009585850152634965,0.37500000000000006,5,477,0.0,51.0,0.4085469338902256,varA
cardiovascular,2,off-label use,8364.0,p_A,0.015495091578947792,0.6273784355179705,4,477,0.0,5.0,0.6323255553605264,varA
cardiovascular,2,off-label use,8364.0,p_B,0.006970862047598697,0.2880549682875264,4,477,0.0,5.0,0.6323255553605264,varA
cardiovascular,2,off-label use,8364.0,fuse_rankavg,0.00927110063139475,0.4513742071881607,4,477,0.0,5.0,0.6323255553605264,varA
cardiovascular,2,off-label use,5068.0,p_A,0.053191448721653954,0.8143399810066476,9,477,0.0,83.0,0.33975263254641414,varA
cardiovascular,2,off-label use,5068.0,p_B,0.01762372196397386,0.4432573599240266,9,477,0.0,83.0,0.33975263254641414,varA
cardiovascular,2,off-label use,5068.0,fuse_rankavg,0.029382436035339618,0.6747388414055081,9,477,0.0,83.0,0.33975263254641414,varA
cardiovascular,2,off-label use,6716.0,p_A,0.05328044565685324,0.8155270655270656,9,477,0.0,87.0,0.5979776072886188,varA
cardiovascular,2,off-label use,6716.0,p_B,0.025831850385811886,0.6182336182336182,9,477,0.0,87.0,0.5979776072886188,varA
cardiovascular,2,off-label use,6716.0,fuse_rankavg,0.04064832930386526,0.7509496676163343,9,477,0.0,87.0,0.5979776072886188,varA
cardiovascular,2,off-label use,745.0,p_A,0.007518796992481203,0.7226890756302521,1,477,0.0,6.0,0.17003296297780768,varA
cardiovascular,2,off-label use,745.0,p_B,0.007518796992481203,0.7226890756302521,1,477,0.0,6.0,0.17003296297780768,varA
cardiovascular,2,off-label use,745.0,fuse_rankavg,0.011235955056179775,0.8161764705882353,1,477,0.0,6.0,0.17003296297780768,varA
cardiovascular,2,off-label use,4745.0,p_A,0.006017879589407221,0.3192686357243319,3,477,0.0,2.0,0.9202758662629104,varA
cardiovascular,2,off-label use,4745.0,p_B,0.00458900543218782,0.1068917018284107,3,477,0.0,2.0,0.9202758662629104,varA
cardiovascular,2,off-label use,4745.0,fuse_rankavg,0.005205510540002694,0.2078059071729958,3,477,0.0,2.0,0.9202758662629104,varA
cardiovascular,2,off-label use,6021.0,p_A,0.003258925173175002,0.03789473684210526,2,477,0.0,1.0,0.9121352131675002,varA
cardiovascular,2,off-label use,6021.0,p_B,0.003776726365728539,0.1726315789473684,2,477,0.0,1.0,0.9121352131675002,varA
cardiovascular,2,off-label use,6021.0,fuse_rankavg,0.00348031598031598,0.09736842105263158,2,477,0.0,1.0,0.9121352131675002,varA
cardiovascular,2,off-label use,5264.0,p_A,0.07386363636363637,0.9021052631578947,2,477,0.0,50.0,0.3176413158102051,varA
cardiovascular,2,off-label use,5264.0,p_B,0.006916340855568512,0.5589473684210526,2,477,0.0,50.0,0.3176413158102051,varA
cardiovascular,2,off-label use,5264.0,fuse_rankavg,0.015214624551660304,0.7973684210526315,2,477,0.0,50.0,0.3176413158102051,varA
cardiovascular,2,off-label use,5299.0,p_A,0.0034129692832764505,0.38655462184873945,1,477,0.0,56.0,0.6020133261648646,varA
cardiovascular,2,off-label use,5299.0,p_B,0.0056179775280898875,0.6281512605042017,1,477,0.0,56.0,0.6020133261648646,varA
cardiovascular,2,off-label use,5299.0,fuse_rankavg,0.004424778761061947,0.5273109243697478,1,477,0.0,56.0,0.6020133261648646,varA
cardiovascular,2,off-label use,5294.0,p_A,0.025,0.9180672268907563,1,477,0.0,9.0,-0.2711357922655171,varA
cardiovascular,2,off-label use,5294.0,p_B,0.006211180124223602,0.6638655462184874,1,477,0.0,9.0,-0.2711357922655171,varA
cardiovascular,2,off-label use,5294.0,fuse_rankavg,0.05,0.9611344537815125,1,477,0.0,9.0,-0.2711357922655171,varA
cardiovascular,2,off-label use,5386.0,p_A,0.018867924528301886,0.8907563025210083,1,477,0.0,3.0,-0.38657150478412355,varA
cardiovascular,2,off-label use,5386.0,p_B,0.003424657534246575,0.3886554621848739,1,477,0.0,3.0,-0.38657150478412355,varA
cardiovascular,2,off-label use,5386.0,fuse_rankavg,0.009433962264150943,0.7794117647058822,1,477,0.0,3.0,-0.38657150478412355,varA
cardiovascular,2,off-label use,5295.0,p_A,0.003105590062111801,0.3256302521008403,1,477,0.0,2.0,0.9172645565753884,varA
cardiovascular,2,off-label use,5295.0,p_B,0.007575757575757576,0.7247899159663865,1,477,0.0,2.0,0.9172645565753884,varA
cardiovascular,2,off-label use,5295.0,fuse_rankavg,0.004405286343612335,0.5252100840336134,1,477,0.0,2.0,0.9172645565753884,varA
cardiovascular,2,off-label use,1613.0,p_A,0.023255813953488372,0.9117647058823529,1,477,0.0,10.0,0.6746007609817852,varA
cardiovascular,2,off-label use,1613.0,p_B,0.00398406374501992,0.47478991596638653,1,477,0.0,10.0,0.6746007609817852,varA
cardiovascular,2,off-label use,1613.0,fuse_rankavg,0.007142857142857143,0.7079831932773109,1,477,0.0,10.0,0.6746007609817852,varA
cardiovascular,2,off-label use,6809.0,p_A,0.02,0.8970588235294118,1,477,0.0,1.0,-0.03800392238704478,varA
cardiovascular,2,off-label use,6809.0,p_B,0.005050505050505051,0.5861344537815126,1,477,0.0,1.0,-0.03800392238704478,varA
cardiovascular,2,off-label use,6809.0,fuse_rankavg,0.016129032258064516,0.8728991596638656,1,477,0.0,1.0,-0.03800392238704478,varA
cardiovascular,3,indication,6955.0,p_A,0.11792269022331586,0.9774548164710266,9,1798,0.0,4.0,0.6204666170489369,varA
cardiovascular,3,indication,6955.0,p_B,0.004505357473325184,0.4279858393888578,9,1798,0.0,4.0,0.6204666170489369,varA
cardiovascular,3,indication,6955.0,fuse_rankavg,0.009597538611720033,0.7334948139867088,9,1798,0.0,4.0,0.6204666170489369,varA
cardiovascular,3,indication,5009.0,p_A,0.051509791742430984,0.8280610155610155,22,1798,0.0,92.0,0.3336806214858365,varA
cardiovascular,3,indication,5009.0,p_B,0.02307182698797358,0.7084357084357084,22,1798,0.0,92.0,0.3336806214858365,varA
cardiovascular,3,indication,5009.0,fuse_rankavg,0.04029488992879014,0.8407811220311221,22,1798,0.0,92.0,0.3336806214858365,varA
cardiovascular,3,indication,5044.0,p_A,0.05402402683194356,0.29870836555259617,103,1798,0.0,19.0,0.4676657571711516,varA
cardiovascular,3,indication,5044.0,p_B,0.04738190031762385,0.4324598333190136,103,1798,0.0,19.0,0.4676657571711516,varA
cardiovascular,3,indication,5044.0,fuse_rankavg,0.0509604146000444,0.33369132514248073,103,1798,0.0,19.0,0.4676657571711516,varA
cardiovascular,3,indication,2277.0,p_A,0.06171219539546602,0.7897423626066842,7,1798,0.0,97.0,0.08435182056224404,varA
cardiovascular,3,indication,2277.0,p_B,0.008086726920628973,0.7208263539921831,7,1798,0.0,97.0,0.08435182056224404,varA
cardiovascular,3,indication,2277.0,fuse_rankavg,0.039866198842988636,0.8387971604052006,7,1798,0.0,97.0,0.08435182056224404,varA
cardiovascular,3,indication,5311.0,p_A,0.01875919055779015,0.7177953258355269,7,1798,0.0,99.0,0.3571706328734843,varA
cardiovascular,3,indication,5311.0,p_B,0.002787563729937923,0.23386775145569116,7,1798,0.0,99.0,0.3571706328734843,varA
cardiovascular,3,indication,5311.0,fuse_rankavg,0.0038818349506314757,0.4576453697056712,7,1798,0.0,99.0,0.3571706328734843,varA
cardiovascular,3,indication,5068.0,p_A,0.10111402791141463,0.9082044593503509,9,1798,0.0,83.0,0.051225764263802945,varA
cardiovascular,3,indication,5068.0,p_B,0.005927866728804651,0.5496553009129868,9,1798,0.0,83.0,0.051225764263802945,varA
cardiovascular,3,indication,5068.0,fuse_rankavg,0.042301577494628706,0.8134898453512205,9,1798,0.0,83.0,0.051225764263802945,varA
cardiovascular,3,indication,6716.0,p_A,0.10761373566856829,0.9099434817713186,9,1798,0.0,87.0,0.3966724202309687,varA
cardiovascular,3,indication,6716.0,p_B,0.01899224132051247,0.7340537854791627,9,1798,0.0,87.0,0.3966724202309687,varA
cardiovascular,3,indication,6716.0,fuse_rankavg,0.18981794443193578,0.8659710576982795,9,1798,0.0,87.0,0.3966724202309687,varA
cardiovascular,3,indication,831.0,p_A,0.013227830372741507,0.6391829155060352,3,1798,0.0,9.0,-0.102564505615661,varA
cardiovascular,3,indication,831.0,p_B,0.0036296108490713563,0.5578458681522748,3,1798,0.0,9.0,-0.102564505615661,varA
cardiovascular,3,indication,831.0,fuse_rankavg,0.004385263576657882,0.6524605385329618,3,1798,0.0,9.0,-0.102564505615661,varA
cardiovascular,3,indication,6809.0,p_A,0.003823150122847059,0.678180129990715,3,1798,0.0,1.0,-0.2669748397929529,varA
cardiovascular,3,indication,6809.0,p_B,0.010147022121848138,0.6555246053853296,3,1798,0.0,1.0,-0.2669748397929529,varA
cardiovascular,3,indication,6809.0,fuse_rankavg,0.01933309184576994,0.7399257195914577,3,1798,0.0,1.0,-0.2669748397929529,varA
cardiovascular,3,indication,4981.0,p_A,0.06457170785671695,0.8665118513773222,14,1798,0.0,132.0,0.2590981639242143,varA
cardiovascular,3,indication,4981.0,p_B,0.0083812265381358,0.5076873798846893,14,1798,0.0,132.0,0.2590981639242143,varA
cardiovascular,3,indication,4981.0,fuse_rankavg,0.01755675344355778,0.7486787315823189,14,1798,0.0,132.0,0.2590981639242143,varA
cardiovascular,3,indication,6021.0,p_A,0.0030530883947483215,0.4871165644171779,5,1798,0.0,1.0,0.9361121983722231,varA
cardiovascular,3,indication,6021.0,p_B,0.002757725491435997,0.4325711098717233,5,1798,0.0,1.0,0.9361121983722231,varA
cardiovascular,3,indication,6021.0,fuse_rankavg,0.002911204507211511,0.4588957055214724,5,1798,0.0,1.0,0.9361121983722231,varA
cardiovascular,3,indication,6981.0,p_A,0.004345704855706595,0.3988572138376498,9,1798,0.0,51.0,-0.008750276171705984,varA
cardiovascular,3,indication,6981.0,p_B,0.006276370995070683,0.4765542512887398,9,1798,0.0,51.0,-0.008750276171705984,varA
cardiovascular,3,indication,6981.0,fuse_rankavg,0.004384667822370689,0.4042295509595677,9,1798,0.0,51.0,-0.008750276171705984,varA
cardiovascular,3,indication,24573.0,p_A,0.0070921985815602835,0.9220923761825264,1,1798,0.0,15.0,0.2650950101610043,varA
cardiovascular,3,indication,24573.0,p_B,0.011494252873563218,0.9521424596549806,1,1798,0.0,15.0,0.2650950101610043,varA
cardiovascular,3,indication,24573.0,fuse_rankavg,0.027777777777777776,0.9805230940456315,1,1798,0.0,15.0,0.2650950101610043,varA
cardiovascular,3,indication,5279.0,p_A,0.01997032310815126,0.6395961862030286,15,1798,0.0,11.0,0.21304178029812293,varA
cardiovascular,3,indication,5279.0,p_B,0.010278880550667783,0.5628715647784632,15,1798,0.0,11.0,0.21304178029812293,varA
cardiovascular,3,indication,5279.0,fuse_rankavg,0.012541084617642187,0.6242849130678633,15,1798,0.0,11.0,0.21304178029812293,varA
cardiovascular,3,indication,11057.0,p_A,0.05123513968434751,0.8696401637578108,13,1798,0.0,30.0,0.057881852851288794,varA
cardiovascular,3,indication,11057.0,p_B,0.0073605881701722465,0.40297349709114416,13,1798,0.0,30.0,0.057881852851288794,varA
cardiovascular,3,indication,11057.0,fuse_rankavg,0.012660369986684381,0.6913165266106442,13,1798,0.0,30.0,0.057881852851288794,varA
cardiovascular,3,indication,2679.0,p_A,0.034248463492266415,0.9315642458100558,8,1798,0.0,10.0,0.0863779708654876,varA
cardiovascular,3,indication,2679.0,p_B,0.0038339465309600116,0.37332402234636874,8,1798,0.0,10.0,0.0863779708654876,varA
cardiovascular,3,indication,2679.0,fuse_rankavg,0.008734660066302158,0.7344972067039106,8,1798,0.0,10.0,0.0863779708654876,varA
cardiovascular,3,indication,5294.0,p_A,0.004892417277315469,0.5856107083100948,5,1798,0.0,9.0,-0.3829448846688165,varA
cardiovascular,3,indication,5294.0,p_B,0.004343128866688065,0.6167317345231456,5,1798,0.0,9.0,-0.3829448846688165,varA
cardiovascular,3,indication,5294.0,fuse_rankavg,0.006361877083227271,0.698047964305633,5,1798,0.0,9.0,-0.3829448846688165,varA
cardiovascular,3,indication,5386.0,p_A,0.006585620070598841,0.6627997769102063,5,1798,0.0,3.0,0.1635906725312127,varA
cardiovascular,3,indication,5386.0,p_B,0.0033226189055424785,0.49369771332961526,5,1798,0.0,3.0,0.1635906725312127,varA
cardiovascular,3,indication,5386.0,fuse_rankavg,0.004600562749940773,0.6065811489124373,5,1798,0.0,3.0,0.1635906725312127,varA
cardiovascular,3,indication,5295.0,p_A,0.006738424480873885,0.6829427083333334,6,1798,0.0,2.0,0.9264307932274873,varA
cardiovascular,3,indication,5295.0,p_B,0.004136360056892151,0.5386904761904762,6,1798,0.0,2.0,0.9264307932274873,varA
cardiovascular,3,indication,5295.0,fuse_rankavg,0.004875496941272518,0.6143508184523809,6,1798,0.0,2.0,0.9264307932274873,varA
cardiovascular,3,indication,9934.0,p_A,0.07852765886006882,0.9268337975858867,3,1798,0.0,4.0,0.10564042740960616,varA
cardiovascular,3,indication,9934.0,p_B,0.00439780854575463,0.7559888579387187,3,1798,0.0,4.0,0.10564042740960616,varA
cardiovascular,3,indication,9934.0,fuse_rankavg,0.01971148305891926,0.9366759517177343,3,1798,0.0,4.0,0.10564042740960616,varA
cardiovascular,3,indication,5385.0,p_A,0.026581221860724962,0.7532033426183844,3,1798,0.0,30.0,-0.14936427824506068,varA
cardiovascular,3,indication,5385.0,p_B,0.007935846708222461,0.5894150417827299,3,1798,0.0,30.0,-0.14936427824506068,varA
cardiovascular,3,indication,5385.0,fuse_rankavg,0.005358984393742761,0.801949860724234,3,1798,0.0,30.0,-0.14936427824506068,varA
cardiovascular,3,indication,11479.0,p_A,0.0030508603047070416,0.7293986636971046,2,1798,0.0,5.0,-0.20970801727963564,varA
cardiovascular,3,indication,11479.0,p_B,0.008081709554266448,0.8424276169265034,2,1798,0.0,5.0,-0.20970801727963564,varA
cardiovascular,3,indication,11479.0,fuse_rankavg,0.012463662790697674,0.923162583518931,2,1798,0.0,5.0,-0.20970801727963564,varA
cardiovascular,3,indication,8364.0,p_A,0.003035491905354919,0.7319042316258352,2,1798,0.0,5.0,0.20272960147336394,varA
cardiovascular,3,indication,8364.0,p_B,0.003356160802969314,0.7087973273942093,2,1798,0.0,5.0,0.20272960147336394,varA
cardiovascular,3,indication,8364.0,fuse_rankavg,0.004494525834908633,0.8003897550111359,2,1798,0.0,5.0,0.20272960147336394,varA
cardiovascular,3,indication,5267.0,p_A,0.0006747638326585695,0.17584863661658323,1,1798,0.0,59.0,-0.37086389812812603,varA
cardiovascular,3,indication,5267.0,p_B,0.0012706480304955528,0.5626043405676127,1,1798,0.0,59.0,-0.37086389812812603,varA
cardiovascular,3,indication,5267.0,fuse_rankavg,0.0007107320540156361,0.21869782971619367,1,1798,0.0,59.0,-0.37086389812812603,varA
cardiovascular,3,indication,4995.0,p_A,0.0010834236186348862,0.4869226488592098,1,1798,0.0,4.0,0.23810866835083633,varA
cardiovascular,3,indication,4995.0,p_B,0.013888888888888888,0.9604897050639956,1,1798,0.0,4.0,0.23810866835083633,varA
cardiovascular,3,indication,4995.0,fuse_rankavg,0.0028169014084507044,0.8032832498608793,1,1798,0.0,4.0,0.23810866835083633,varA
cardiovascular,3,indication,5264.0,p_A,0.007783268774648084,0.681577480490524,4,1798,0.0,50.0,0.0036974503240137357,varA
cardiovascular,3,indication,5264.0,p_B,0.011189125635477434,0.6300167224080268,4,1798,0.0,50.0,0.0036974503240137357,varA
cardiovascular,3,indication,5264.0,fuse_rankavg,0.0052017511617500735,0.7464464882943144,4,1798,0.0,50.0,0.0036974503240137357,varA
cardiovascular,3,indication,5299.0,p_A,0.004805248038089414,0.5462653288740246,4,1798,0.0,56.0,0.30621662675651157,varA
cardiovascular,3,indication,5299.0,p_B,0.004839794734565478,0.5521181716833891,4,1798,0.0,56.0,0.30621662675651157,varA
cardiovascular,3,indication,5299.0,fuse_rankavg,0.003009375868810013,0.550097547380156,4,1798,0.0,56.0,0.30621662675651157,varA
cardiovascular,3,indication,5010.0,p_A,0.25,0.998330550918197,1,1798,0.0,216.0,0.5113124068005008,varA
cardiovascular,3,indication,5010.0,p_B,0.3333333333333333,0.9988870339454646,1,1798,0.0,216.0,0.5113124068005008,varA
cardiovascular,3,indication,5010.0,fuse_rankavg,1.0,1.0,1,1798,0.0,216.0,0.5113124068005008,varA
cardiovascular,3,indication,465.0,p_A,0.000925925925925926,0.3995548135781859,1,1798,0.0,11.0,0.19749030488617259,varA
cardiovascular,3,indication,465.0,p_B,0.0006618133686300463,0.15971062882582077,1,1798,0.0,11.0,0.19749030488617259,varA
cardiovascular,3,indication,465.0,fuse_rankavg,0.0006825938566552901,0.1853088480801336,1,1798,0.0,11.0,0.19749030488617259,varA
cardiovascular,3,indication,745.0,p_A,0.0026568386103867467,0.28934151785714285,6,1798,0.0,6.0,0.1795351997004036,varA
cardiovascular,3,indication,745.0,p_B,0.004137406037089352,0.5451078869047619,6,1798,0.0,6.0,0.1795351997004036,varA
cardiovascular,3,indication,745.0,fuse_rankavg,0.002868613048815162,0.36202566964285715,6,1798,0.0,6.0,0.1795351997004036,varA
cardiovascular,3,indication,19514.0,p_A,0.16666666666666666,0.9972175848636616,1,1798,0.0,4.0,0.7687868511346052,varA
cardiovascular,3,indication,19514.0,p_B,0.0030864197530864196,0.820255982192543,1,1798,0.0,4.0,0.7687868511346052,varA
cardiovascular,3,indication,19514.0,fuse_rankavg,0.008333333333333333,0.9340567612687813,1,1798,0.0,4.0,0.7687868511346052,varA
cardiovascular,3,indication,8542.0,p_A,0.006024096385542169,0.9081803005008348,1,1798,0.0,16.0,0.4883930978791952,varA
cardiovascular,3,indication,8542.0,p_B,0.004048582995951417,0.8631051752921536,1,1798,0.0,16.0,0.4883930978791952,varA
cardiovascular,3,indication,8542.0,fuse_rankavg,0.00980392156862745,0.9437952142459655,1,1798,0.0,16.0,0.4883930978791952,varA
cardiovascular,3,indication,11514.0,p_A,0.005376344086021506,0.8970506399554814,1,1798,0.0,2.0,0.6428985376088564,varA
cardiovascular,3,indication,11514.0,p_B,0.00909090909090909,0.9393433500278241,1,1798,0.0,2.0,0.6428985376088564,varA
cardiovascular,3,indication,11514.0,fuse_rankavg,0.010309278350515464,0.9465776293823038,1,1798,0.0,2.0,0.6428985376088564,varA
cardiovascular,3,indication,8889.0,p_A,0.027777777777777776,0.9805230940456315,1,1798,0.0,2.0,0.5700541144339081,varA
cardiovascular,3,indication,8889.0,p_B,0.0008635578583765112,0.3561491374513077,1,1798,0.0,2.0,0.5700541144339081,varA
cardiovascular,3,indication,8889.0,fuse_rankavg,0.00186219739292365,0.7020033388981636,1,1798,0.0,2.0,0.5700541144339081,varA
cardiovascular,3,indication,8638.0,p_A,0.010867761738841878,0.9256681514476615,2,1798,0.0,9.0,-0.19628221602057516,varA
cardiovascular,3,indication,8638.0,p_B,0.004943044172980774,0.7742204899777283,2,1798,0.0,9.0,-0.19628221602057516,varA
cardiovascular,3,indication,8638.0,fuse_rankavg,0.06231231231231231,0.9572661469933185,2,1798,0.0,9.0,-0.19628221602057516,varA
cardiovascular,3,indication,6812.0,p_A,0.0028251849610168274,0.6998886414253898,2,1798,0.0,6.0,0.07469879132037928,varA
cardiovascular,3,indication,6812.0,p_B,0.0042671869225546395,0.8098552338530067,2,1798,0.0,6.0,0.07469879132037928,varA
cardiovascular,3,indication,6812.0,fuse_rankavg,0.008133057456628998,0.887249443207127,2,1798,0.0,6.0,0.07469879132037928,varA
cardiovascular,3,indication,6658.0,p_A,0.00065359477124183,0.14913745130773515,1,1798,0.0,50.0,0.5006281906324829,varA
cardiovascular,3,indication,6658.0,p_B,0.0007209805335255948,0.22871452420701166,1,1798,0.0,50.0,0.5006281906324829,varA
cardiovascular,3,indication,6658.0,fuse_rankavg,0.0006493506493506494,0.1435726210350584,1,1798,0.0,50.0,0.5006281906324829,varA
cardiovascular,3,indication,5081.0,p_A,0.001182033096926714,0.5297718419588203,1,1798,0.0,4.0,0.32818228534539834,varA
cardiovascular,3,indication,5081.0,p_B,0.003194888178913738,0.8263772954924875,1,1798,0.0,4.0,0.32818228534539834,varA
cardiovascular,3,indication,5081.0,fuse_rankavg,0.002150537634408602,0.7423483583750695,1,1798,0.0,4.0,0.32818228534539834,varA
cardiovascular,3,indication,1641.0,p_A,0.001430615164520744,0.6115748469671675,1,1798,0.0,2.0,-0.010432588126288672,varA
cardiovascular,3,indication,1641.0,p_B,0.0026041666666666665,0.786867000556483,1,1798,0.0,2.0,-0.010432588126288672,varA
cardiovascular,3,indication,1641.0,fuse_rankavg,0.0030211480362537764,0.8169170840289371,1,1798,0.0,2.0,-0.010432588126288672,varA
cardiovascular,3,indication,1072.0,p_A,0.0005561735261401557,0.5,1,1798,0.0,0.0,,varA
cardiovascular,3,indication,1072.0,p_B,0.0005561735261401557,0.5,1,1798,0.0,0.0,,varA
cardiovascular,3,indication,1072.0,fuse_rankavg,0.0005561735261401557,0.5,1,1798,0.0,0.0,,varA
cardiovascular,3,indication,945.0,p_A,0.0009900990099009901,0.43962159154145797,1,1798,0.0,4.0,0.9234294629688176,varA
cardiovascular,3,indication,945.0,p_B,0.0010121457489878543,0.4518642181413467,1,1798,0.0,4.0,0.9234294629688176,varA
cardiovascular,3,indication,945.0,fuse_rankavg,0.0009910802775024777,0.44017807456872565,1,1798,0.0,4.0,0.9234294629688176,varA
cardiovascular,3,contraindication,19180.0,p_A,0.28274236796752866,0.8010924796747968,32,1262,0.0,17.0,0.3276779193489063,varA
cardiovascular,3,contraindication,19180.0,p_B,0.058926128037408154,0.5592987804878049,32,1262,0.0,17.0,0.3276779193489063,varA
cardiovascular,3,contraindication,19180.0,fuse_rankavg,0.07203821614289047,0.7220655487804879,32,1262,0.0,17.0,0.3276779193489063,varA
cardiovascular,3,contraindication,5044.0,p_A,0.5480732915327639,0.7882940805293586,307,1262,0.0,19.0,0.4628721249798238,varA
cardiovascular,3,contraindication,5044.0,p_B,0.26875212104825763,0.5870457219844126,307,1262,0.0,19.0,0.4628721249798238,varA
cardiovascular,3,contraindication,5044.0,fuse_rankavg,0.4312777141250126,0.7172928355816293,307,1262,0.0,19.0,0.4628721249798238,varA
cardiovascular,3,contraindication,5294.0,p_A,0.1403992839007871,0.6345395230750331,61,1262,0.0,9.0,0.1773319659922413,varA
cardiovascular,3,contraindication,5294.0,p_B,0.043175105436369265,0.4278538376489538,61,1262,0.0,9.0,0.1773319659922413,varA
cardiovascular,3,contraindication,5294.0,fuse_rankavg,0.059202460300463264,0.54086075811141,61,1262,0.0,9.0,0.1773319659922413,varA
cardiovascular,3,contraindication,5009.0,p_A,0.17254665187828544,0.7270475080151559,94,1262,0.0,92.0,0.2910273091784666,varA
cardiovascular,3,contraindication,5009.0,p_B,0.08601619809254338,0.5607876712328768,94,1262,0.0,92.0,0.2910273091784666,varA
cardiovascular,3,contraindication,5009.0,fuse_rankavg,0.1548695582350578,0.6751539274264062,94,1262,0.0,92.0,0.2910273091784666,varA
cardiovascular,3,contraindication,1574.0,p_A,0.032846317085342316,0.5938008130081301,32,1262,0.0,7.0,0.3727574989646579,varA
cardiovascular,3,contraindication,1574.0,p_B,0.04404514157623424,0.4761941056910569,32,1262,0.0,7.0,0.3727574989646579,varA
cardiovascular,3,contraindication,1574.0,fuse_rankavg,0.03668011274657909,0.539037093495935,32,1262,0.0,7.0,0.3727574989646579,varA
cardiovascular,3,contraindication,1576.0,p_A,0.03038778649241814,0.5762195121951218,32,1262,0.0,6.0,0.3190326602094995,varA
cardiovascular,3,contraindication,1576.0,p_B,0.03399765861695708,0.43625508130081303,32,1262,0.0,6.0,0.3190326602094995,varA
cardiovascular,3,contraindication,1576.0,fuse_rankavg,0.026609204617432904,0.5049034552845529,32,1262,0.0,6.0,0.3190326602094995,varA
cardiovascular,3,contraindication,5386.0,p_A,0.06758934907360413,0.5350806451612903,62,1262,0.0,3.0,-0.13435657637063003,varA
cardiovascular,3,contraindication,5386.0,p_B,0.04102286670028219,0.41744623655913987,62,1262,0.0,3.0,-0.13435657637063003,varA
cardiovascular,3,contraindication,5386.0,fuse_rankavg,0.0553960981194203,0.48891801075268815,62,1262,0.0,3.0,-0.13435657637063003,varA
cardiovascular,3,contraindication,5295.0,p_A,0.043546205398294804,0.4305838031148906,61,1262,0.0,2.0,0.9832402562842121,varA
cardiovascular,3,contraindication,5295.0,p_B,0.04359249297492564,0.42394998703266407,61,1262,0.0,2.0,0.9832402562842121,varA
cardiovascular,3,contraindication,5295.0,fuse_rankavg,0.0436244115270097,0.4272259455917883,61,1262,0.0,2.0,0.9832402562842121,varA
cardiovascular,3,contraindication,992.0,p_A,0.3051850127822549,0.6753159636614025,215,1262,0.0,9.0,0.16565829888188432,varA
cardiovascular,3,contraindication,992.0,p_B,0.1484914412304109,0.41796494969014464,215,1262,0.0,9.0,0.16565829888188432,varA
cardiovascular,3,contraindication,992.0,fuse_rankavg,0.21185916191471027,0.5586126474311988,215,1262,0.0,9.0,0.16565829888188432,varA
cardiovascular,3,contraindication,5010.0,p_A,0.5536881104422411,0.7955076335877862,262,1262,0.0,216.0,0.3700545375177123,varA
cardiovascular,3,contraindication,5010.0,p_B,0.20577899452322235,0.5317442748091603,262,1262,0.0,216.0,0.3700545375177123,varA
cardiovascular,3,contraindication,5010.0,fuse_rankavg,0.3357201944184807,0.6990419847328244,262,1262,0.0,216.0,0.3700545375177123,varA
cardiovascular,3,contraindication,465.0,p_A,0.050039391241840425,0.6314588427057864,35,1262,0.0,11.0,0.5902775851079824,varA
cardiovascular,3,contraindication,465.0,p_B,0.04771293814290775,0.569845150774246,35,1262,0.0,11.0,0.5902775851079824,varA
cardiovascular,3,contraindication,465.0,fuse_rankavg,0.04279071112724396,0.6167190592618466,35,1262,0.0,11.0,0.5902775851079824,varA
cardiovascular,3,contraindication,6659.0,p_A,0.07920606343491154,0.7231031686103421,29,1262,0.0,1.0,0.9831285859157479,varA
cardiovascular,3,contraindication,6659.0,p_B,0.08845824551675788,0.7347652207959281,29,1262,0.0,1.0,0.9831285859157479,varA
cardiovascular,3,contraindication,6659.0,fuse_rankavg,0.0842886539915833,0.7293397097071902,29,1262,0.0,1.0,0.9831285859157479,varA
cardiovascular,3,contraindication,5279.0,p_A,0.805461182890969,0.9448648648648649,37,1262,0.0,11.0,0.5835983429870228,varA
cardiovascular,3,contraindication,5279.0,p_B,0.04426689381280503,0.6594815223386652,37,1262,0.0,11.0,0.5835983429870228,varA
cardiovascular,3,contraindication,5279.0,fuse_rankavg,0.13982800856260705,0.839415333701048,37,1262,0.0,11.0,0.5835983429870228,varA
cardiovascular,3,contraindication,5267.0,p_A,0.14564198248626153,0.524527038339193,176,1262,0.0,59.0,0.192296219264864,varA
cardiovascular,3,contraindication,5267.0,p_B,0.1954185083506575,0.5578383977900553,176,1262,0.0,59.0,0.192296219264864,varA
cardiovascular,3,contraindication,5267.0,fuse_rankavg,0.22220421597109113,0.5556383936045539,176,1262,0.0,59.0,0.192296219264864,varA
cardiovascular,3,contraindication,4995.0,p_A,0.16837973264192432,0.5580424409844299,176,1262,0.0,4.0,0.38680220311355773,varA
cardiovascular,3,contraindication,4995.0,p_B,0.13436204423340264,0.5008684915452871,176,1262,0.0,4.0,0.38680220311355773,varA
cardiovascular,3,contraindication,4995.0,fuse_rankavg,0.14957879118171868,0.5414783191026284,176,1262,0.0,4.0,0.38680220311355773,varA
cardiovascular,3,contraindication,11057.0,p_A,0.2693059664217889,0.8095517713838325,131,1262,0.0,30.0,0.06202066827228644,varA
cardiovascular,3,contraindication,11057.0,p_B,0.10090522318332425,0.5108496837899312,131,1262,0.0,30.0,0.06202066827228644,varA
cardiovascular,3,contraindication,11057.0,fuse_rankavg,0.25663230259588826,0.716386228494678,131,1262,0.0,30.0,0.06202066827228644,varA
cardiovascular,3,contraindication,2800.0,p_A,0.03921394891485723,0.6082562844623352,39,1262,0.0,4.0,0.982870455655881,varA
cardiovascular,3,contraindication,2800.0,p_B,0.03864809079917899,0.6061597165440173,39,1262,0.0,4.0,0.982870455655881,varA
cardiovascular,3,contraindication,2800.0,fuse_rankavg,0.03896263744332584,0.6075958655680651,39,1262,0.0,4.0,0.982870455655881,varA
cardiovascular,3,contraindication,5068.0,p_A,0.5978291414879925,0.863888492544767,214,1262,0.0,83.0,0.2631993387423369,varA
cardiovascular,3,contraindication,5068.0,p_B,0.19864271868564806,0.5808750089177428,214,1262,0.0,83.0,0.2631993387423369,varA
cardiovascular,3,contraindication,5068.0,fuse_rankavg,0.4845275204726957,0.7742406542056075,214,1262,0.0,83.0,0.2631993387423369,varA
cardiovascular,3,contraindication,2679.0,p_A,0.24048902436908862,0.8010296235588056,109,1262,0.0,10.0,0.1587412198919053,varA
cardiovascular,3,contraindication,2679.0,p_B,0.08240814413969699,0.5096795754195278,109,1262,0.0,10.0,0.1587412198919053,varA
cardiovascular,3,contraindication,2679.0,fuse_rankavg,0.19921817134425815,0.7059804100989043,109,1262,0.0,10.0,0.1587412198919053,varA
cardiovascular,3,contraindication,6716.0,p_A,0.5934733282842363,0.8633712634657915,214,1262,0.0,87.0,0.18321315392521006,varA
cardiovascular,3,contraindication,6716.0,p_B,0.18060318957009047,0.553381608047371,214,1262,0.0,87.0,0.18321315392521006,varA
cardiovascular,3,contraindication,6716.0,fuse_rankavg,0.4426910204539412,0.7662392095312834,214,1262,0.0,87.0,0.18321315392521006,varA
cardiovascular,3,contraindication,2277.0,p_A,0.322477947816535,0.795875420875421,74,1262,0.0,97.0,0.421450138007297,varA
cardiovascular,3,contraindication,2277.0,p_B,0.08244979831669223,0.6143643643643644,74,1262,0.0,97.0,0.421450138007297,varA
cardiovascular,3,contraindication,2277.0,fuse_rankavg,0.18579090880862675,0.7419009919009919,74,1262,0.0,97.0,0.421450138007297,varA
cardiovascular,3,contraindication,4994.0,p_A,0.03650022550878762,0.7803945249597423,20,1262,0.0,35.0,0.2975800325452494,varA
cardiovascular,3,contraindication,4994.0,p_B,0.019917821951179755,0.5935587761674719,20,1262,0.0,35.0,0.2975800325452494,varA
cardiovascular,3,contraindication,4994.0,fuse_rankavg,0.05869414230601765,0.7333735909822867,20,1262,0.0,35.0,0.2975800325452494,varA
cardiovascular,3,contraindication,5311.0,p_A,0.30446719113066006,0.8112999362999364,74,1262,0.0,99.0,0.3157692547662217,varA
cardiovascular,3,contraindication,5311.0,p_B,0.06595192638601109,0.5728910728910729,74,1262,0.0,99.0,0.3157692547662217,varA
cardiovascular,3,contraindication,5311.0,fuse_rankavg,0.16768191546174216,0.7421512421512422,74,1262,0.0,99.0,0.3157692547662217,varA
cardiovascular,3,contraindication,6746.0,p_A,0.03282448886204671,0.7443639291465378,20,1262,0.0,28.0,0.2791865663842399,varA
cardiovascular,3,contraindication,6746.0,p_B,0.02576487203978839,0.6805958132045088,20,1262,0.0,28.0,0.2791865663842399,varA
cardiovascular,3,contraindication,6746.0,fuse_rankavg,0.10468551793797914,0.7658212560386473,20,1262,0.0,28.0,0.2791865663842399,varA
cardiovascular,3,contraindication,11479.0,p_A,0.1678718715396685,0.7651485620235621,78,1262,0.0,5.0,0.5221429940142854,varA
cardiovascular,3,contraindication,11479.0,p_B,0.06886665381059828,0.545120841995842,78,1262,0.0,5.0,0.5221429940142854,varA
cardiovascular,3,contraindication,11479.0,fuse_rankavg,0.11305719779971247,0.6777330214830215,78,1262,0.0,5.0,0.5221429940142854,varA
cardiovascular,3,contraindication,1823.0,p_A,0.05034858459446506,0.6287046985141899,31,1262,0.0,17.0,0.5954108577283145,varA
cardiovascular,3,contraindication,1823.0,p_B,0.021626962662312777,0.45410235580828595,31,1262,0.0,17.0,0.5954108577283145,varA
cardiovascular,3,contraindication,1823.0,fuse_rankavg,0.029568697431119013,0.5483346872461413,31,1262,0.0,17.0,0.5954108577283145,varA
cardiovascular,3,contraindication,8364.0,p_A,0.11058597139513357,0.6374159820761761,26,1262,0.0,5.0,0.17644527795213832,varA
cardiovascular,3,contraindication,8364.0,p_B,0.016075870964788838,0.39472865322379885,26,1262,0.0,5.0,0.17644527795213832,varA
cardiovascular,3,contraindication,8364.0,fuse_rankavg,0.02234438703828071,0.5124937764500871,26,1262,0.0,5.0,0.17644527795213832,varA
cardiovascular,3,contraindication,1370.0,p_A,0.007355133230862666,0.4361821086261981,10,1262,0.0,3.0,0.976361375915781,varA
cardiovascular,3,contraindication,1370.0,p_B,0.007147661124351598,0.42507987220447285,10,1262,0.0,3.0,0.976361375915781,varA
cardiovascular,3,contraindication,1370.0,fuse_rankavg,0.007275290808956825,0.4317492012779553,10,1262,0.0,3.0,0.976361375915781,varA
cardiovascular,3,contraindication,5904.0,p_A,0.020081581944544822,0.6155005763944311,9,1262,0.0,8.0,0.5062591080323349,varA
cardiovascular,3,contraindication,5904.0,p_B,0.007178034127620124,0.4374390352043983,9,1262,0.0,8.0,0.5062591080323349,varA
cardiovascular,3,contraindication,5904.0,fuse_rankavg,0.010342775389685595,0.5253613549702935,9,1262,0.0,8.0,0.5062591080323349,varA
cardiovascular,3,contraindication,18882.0,p_A,0.029754186004186,0.6603124172623775,3,1262,0.0,21.0,0.23859880554379134,varA
cardiovascular,3,contraindication,18882.0,p_B,0.003198893176336066,0.4805401111993646,3,1262,0.0,21.0,0.23859880554379134,varA
cardiovascular,3,contraindication,18882.0,fuse_rankavg,0.005202707236101663,0.5865766481334392,3,1262,0.0,21.0,0.23859880554379134,varA
cardiovascular,3,contraindication,5291.0,p_A,0.0031226550260358057,0.4590945194598888,3,1262,0.0,2.0,0.9834662239973019,varA
cardiovascular,3,contraindication,5291.0,p_B,0.003564331234095306,0.4985438178448504,3,1262,0.0,2.0,0.9834662239973019,varA
cardiovascular,3,contraindication,5291.0,fuse_rankavg,0.003314718612194605,0.4767010855176065,3,1262,0.0,2.0,0.9834662239973019,varA
cardiovascular,3,contraindication,6981.0,p_A,0.015988007196699888,0.6610666666666668,12,1262,0.0,51.0,0.19374749224527085,varA
cardiovascular,3,contraindication,6981.0,p_B,0.012507400083583496,0.5043333333333333,12,1262,0.0,51.0,0.19374749224527085,varA
cardiovascular,3,contraindication,6981.0,fuse_rankavg,0.016963753446029652,0.6133666666666666,12,1262,0.0,51.0,0.19374749224527085,varA
cardiovascular,3,contraindication,5783.0,p_A,0.01032236556374966,0.586741214057508,10,1262,0.0,3.0,0.5518251797515901,varA
cardiovascular,3,contraindication,5783.0,p_B,0.00715191118071338,0.41222044728434504,10,1262,0.0,3.0,0.5518251797515901,varA
cardiovascular,3,contraindication,5783.0,fuse_rankavg,0.008935168051852821,0.49209265175718847,10,1262,0.0,3.0,0.5518251797515901,varA
cardiovascular,3,contraindication,4745.0,p_A,0.06641263063796374,0.8657043571237637,15,1262,0.0,2.0,-0.3897897854867985,varA
cardiovascular,3,contraindication,4745.0,p_B,0.007093394636581656,0.16861801657310882,15,1262,0.0,2.0,-0.3897897854867985,varA
cardiovascular,3,contraindication,4745.0,fuse_rankavg,0.0122288214042006,0.5232290831328522,15,1262,0.0,2.0,-0.3897897854867985,varA
cardiovascular,3,contraindication,2869.0,p_A,0.030745590065910582,0.6120291026677445,25,1262,0.0,5.0,-0.2863256965046679,varA
cardiovascular,3,contraindication,2869.0,p_B,0.018703924020145056,0.4743734842360549,25,1262,0.0,5.0,-0.2863256965046679,varA
cardiovascular,3,contraindication,2869.0,fuse_rankavg,0.05061076293637613,0.5978011317704124,25,1262,0.0,5.0,-0.2863256965046679,varA
cardiovascular,3,contraindication,4596.0,p_A,0.48214629692605854,0.9504349142789844,49,1262,0.0,2.0,-0.23853007429476658,varA
cardiovascular,3,contraindication,4596.0,p_B,0.03217875192032036,0.4415094974510827,49,1262,0.0,2.0,-0.23853007429476658,varA
cardiovascular,3,contraindication,4596.0,fuse_rankavg,0.16246150162212228,0.8245116678163433,49,1262,0.0,2.0,-0.23853007429476658,varA
cardiovascular,3,contraindication,5264.0,p_A,0.0235485825255053,0.5693548387096774,22,1262,0.0,50.0,0.2148381584168719,varA
cardiovascular,3,contraindication,5264.0,p_B,0.012739798946716448,0.3412390029325513,22,1262,0.0,50.0,0.2148381584168719,varA
cardiovascular,3,contraindication,5264.0,fuse_rankavg,0.015268234756027645,0.4390029325513197,22,1262,0.0,50.0,0.2148381584168719,varA
cardiovascular,3,contraindication,1613.0,p_A,0.011321494957102237,0.3925062522329403,18,1262,0.0,10.0,0.3167351730058365,varA
cardiovascular,3,contraindication,1613.0,p_B,0.010025405555341114,0.310021436227224,18,1262,0.0,10.0,0.3167351730058365,varA
cardiovascular,3,contraindication,1613.0,fuse_rankavg,0.009940371028063364,0.30921757770632363,18,1262,0.0,10.0,0.3167351730058365,varA
cardiovascular,3,contraindication,8504.0,p_A,0.06478115502357776,0.7871448532836516,19,1262,0.0,4.0,0.11530286751463666,varA
cardiovascular,3,contraindication,8504.0,p_B,0.018844023191099266,0.5684041156793835,19,1262,0.0,4.0,0.11530286751463666,varA
cardiovascular,3,contraindication,8504.0,fuse_rankavg,0.06755010041503409,0.7288393953508066,19,1262,0.0,4.0,0.11530286751463666,varA
cardiovascular,3,contraindication,8685.0,p_A,0.02796631019645151,0.7252606255012028,15,1262,0.0,2.0,0.228833159324273,varA
cardiovascular,3,contraindication,8685.0,p_B,0.011747860193406724,0.47944399893076717,15,1262,0.0,2.0,0.228833159324273,varA
cardiovascular,3,contraindication,8685.0,fuse_rankavg,0.017235049433036193,0.6357123763699546,15,1262,0.0,2.0,0.228833159324273,varA
cardiovascular,3,contraindication,4978.0,p_A,0.01349559777529942,0.4329931828767413,19,1262,0.0,3.0,0.9800903805177954,varA
cardiovascular,3,contraindication,4978.0,p_B,0.013629027773177912,0.4452301308379557,19,1262,0.0,3.0,0.9800903805177954,varA
cardiovascular,3,contraindication,4978.0,fuse_rankavg,0.013574769046303174,0.43873057543295085,19,1262,0.0,3.0,0.9800903805177954,varA
cardiovascular,3,contraindication,6945.0,p_A,0.020526665684693288,0.5430129240710824,24,1262,0.0,1.0,0.008551088014418277,varA
cardiovascular,3,contraindication,6945.0,p_B,0.010957429929221992,0.13937129779213786,24,1262,0.0,1.0,0.008551088014418277,varA
cardiovascular,3,contraindication,6945.0,fuse_rankavg,0.012374061855743697,0.2685951803984922,24,1262,0.0,1.0,0.008551088014418277,varA
cardiovascular,3,contraindication,4981.0,p_A,0.016551971407505167,0.6460050366300366,14,1262,0.0,132.0,0.29524751055947396,varA
cardiovascular,3,contraindication,4981.0,p_B,0.009817823049117196,0.4367559523809524,14,1262,0.0,132.0,0.29524751055947396,varA
cardiovascular,3,contraindication,4981.0,fuse_rankavg,0.012794695846700559,0.5486206501831502,14,1262,0.0,132.0,0.29524751055947396,varA
cardiovascular,3,contraindication,831.0,p_A,0.007405237657416918,0.5713906581740977,6,1262,0.0,9.0,0.2257536981182283,varA
cardiovascular,3,contraindication,831.0,p_B,0.0067958125517289985,0.5609076433121019,6,1262,0.0,9.0,0.2257536981182283,varA
cardiovascular,3,contraindication,831.0,fuse_rankavg,0.007667388879836586,0.5924230360934183,6,1262,0.0,9.0,0.2257536981182283,varA
cardiovascular,3,contraindication,5453.0,p_A,0.0034900573946315726,0.6166666666666667,2,1262,0.0,19.0,0.14976951717163267,varA
cardiovascular,3,contraindication,5453.0,p_B,0.0019046304602856946,0.39246031746031745,2,1262,0.0,19.0,0.14976951717163267,varA
cardiovascular,3,contraindication,5453.0,fuse_rankavg,0.0024430544081199103,0.491468253968254,2,1262,0.0,19.0,0.14976951717163267,varA
cardiovascular,3,contraindication,4496.0,p_A,0.02061062981489974,0.7899720893141946,8,1262,0.0,12.0,0.4311733051697607,varA
cardiovascular,3,contraindication,4496.0,p_B,0.006285272705652159,0.474481658692185,8,1262,0.0,12.0,0.4311733051697607,varA
cardiovascular,3,contraindication,4496.0,fuse_rankavg,0.009962206800677744,0.6606858054226475,8,1262,0.0,12.0,0.4311733051697607,varA
cardiovascular,3,contraindication,5299.0,p_A,0.017613523546768522,0.6476013124057817,9,1262,0.0,56.0,0.3315136926206836,varA
cardiovascular,3,contraindication,5299.0,p_B,0.005949010557464995,0.3820164937483373,9,1262,0.0,56.0,0.3315136926206836,varA
cardiovascular,3,contraindication,5299.0,fuse_rankavg,0.008375824275458705,0.524651946439656,9,1262,0.0,56.0,0.3315136926206836,varA
cardiovascular,3,contraindication,6021.0,p_A,0.006981033174308477,0.31953333333333334,12,1262,0.0,1.0,0.9779600401700477,varA
cardiovascular,3,contraindication,6021.0,p_B,0.006838012174992646,0.30093333333333333,12,1262,0.0,1.0,0.9779600401700477,varA
cardiovascular,3,contraindication,6021.0,fuse_rankavg,0.006871119447353386,0.30726666666666663,12,1262,0.0,1.0,0.9779600401700477,varA
cardiovascular,3,contraindication,1632.0,p_A,0.005620423850607558,0.3484082646093819,9,1262,0.0,1.0,0.981291356403617,varA
cardiovascular,3,contraindication,1632.0,p_B,0.005625966680963024,0.3468120954154474,9,1262,0.0,1.0,0.981291356403617,varA
cardiovascular,3,contraindication,1632.0,fuse_rankavg,0.0056198014746431605,0.3468564334486122,9,1262,0.0,1.0,0.981291356403617,varA
cardiovascular,3,contraindication,991.0,p_A,0.000792393026941363,0.5,1,1262,0.0,0.0,,varA
cardiovascular,3,contraindication,991.0,p_B,0.000792393026941363,0.5,1,1262,0.0,0.0,,varA
cardiovascular,3,contraindication,991.0,fuse_rankavg,0.000792393026941363,0.5,1,1262,0.0,0.0,,varA
cardiovascular,3,contraindication,6786.0,p_A,0.018321774670411687,0.8994435612082671,4,1262,0.0,3.0,0.155433803171005,varA
cardiovascular,3,contraindication,6786.0,p_B,0.004082105040267374,0.536168521462639,4,1262,0.0,3.0,0.155433803171005,varA
cardiovascular,3,contraindication,6786.0,fuse_rankavg,0.010351584207652361,0.8126987281399047,4,1262,0.0,3.0,0.155433803171005,varA
cardiovascular,3,contraindication,8585.0,p_A,0.011410742807407004,0.48766905330151156,5,1262,0.0,5.0,0.06752839246283522,varA
cardiovascular,3,contraindication,8585.0,p_B,0.003057819050679132,0.26475735879077167,5,1262,0.0,5.0,0.06752839246283522,varA
cardiovascular,3,contraindication,8585.0,fuse_rankavg,0.004244570392234841,0.3409705648369133,5,1262,0.0,5.0,0.06752839246283522,varA
cardiovascular,3,contraindication,4717.0,p_A,0.002377179080824089,0.5,3,1262,0.0,0.0,,varA
cardiovascular,3,contraindication,4717.0,p_B,0.002377179080824089,0.5,3,1262,0.0,0.0,,varA
cardiovascular,3,contraindication,4717.0,fuse_rankavg,0.002377179080824089,0.5,3,1262,0.0,0.0,,varA
cardiovascular,3,contraindication,565.0,p_A,0.014607796561939,0.7507974481658692,8,1262,0.0,4.0,0.34845407676997514,varA
cardiovascular,3,contraindication,565.0,p_B,0.017234930120252193,0.8005382775119618,8,1262,0.0,4.0,0.34845407676997514,varA
cardiovascular,3,contraindication,565.0,fuse_rankavg,0.023424827310641702,0.8411084529505582,8,1262,0.0,4.0,0.34845407676997514,varA
cardiovascular,3,contraindication,6805.0,p_A,0.00141643059490085,0.4409199048374306,1,1262,0.0,4.0,0.4495485257872487,varA
cardiovascular,3,contraindication,6805.0,p_B,0.003663003663003663,0.7842981760507534,1,1262,0.0,4.0,0.4495485257872487,varA
cardiovascular,3,contraindication,6805.0,fuse_rankavg,0.0022935779816513763,0.6554321966693101,1,1262,0.0,4.0,0.4495485257872487,varA
cardiovascular,3,contraindication,5356.0,p_A,0.0016456420756004665,0.2833333333333334,2,1262,0.0,5.0,0.5208809588439107,varA
cardiovascular,3,contraindication,5356.0,p_B,0.0013593465853048003,0.1293650793650794,2,1262,0.0,5.0,0.5208809588439107,varA
cardiovascular,3,contraindication,5356.0,fuse_rankavg,0.0014045166089034485,0.15476190476190477,2,1262,0.0,5.0,0.5208809588439107,varA
cardiovascular,3,contraindication,5201.0,p_A,0.022189401029764914,0.6462801164945725,3,1262,0.0,9.0,0.5098333359752355,varA
cardiovascular,3,contraindication,5201.0,p_B,0.005121267982477768,0.6976436325125761,3,1262,0.0,9.0,0.5098333359752355,varA
cardiovascular,3,contraindication,5201.0,fuse_rankavg,0.006837007539265336,0.6980407731003442,3,1262,0.0,9.0,0.5098333359752355,varA
cardiovascular,3,contraindication,6711.0,p_A,0.0039154677729736085,0.5003974562798092,4,1262,0.0,1.0,0.984488744616154,varA
cardiovascular,3,contraindication,6711.0,p_B,0.003981188394747546,0.5041732909379968,4,1262,0.0,1.0,0.984488744616154,varA
cardiovascular,3,contraindication,6711.0,fuse_rankavg,0.003942406701117267,0.502285373608903,4,1262,0.0,1.0,0.984488744616154,varA
cardiovascular,3,contraindication,1297.0,p_A,0.004277506907444155,0.5085453100158983,4,1262,0.0,1.0,0.46198245173953734,varA
cardiovascular,3,contraindication,1297.0,p_B,0.03448315515874995,0.7736486486486487,4,1262,0.0,1.0,0.46198245173953734,varA
cardiovascular,3,contraindication,1297.0,fuse_rankavg,0.007742211493549707,0.6645468998410174,4,1262,0.0,1.0,0.46198245173953734,varA
cardiovascular,3,contraindication,5081.0,p_A,0.009952398261966398,0.3142679790724483,9,1262,0.0,4.0,0.341277380890438,varA
cardiovascular,3,contraindication,5081.0,p_B,0.007122012558556836,0.4652833200319234,9,1262,0.0,4.0,0.341277380890438,varA
cardiovascular,3,contraindication,5081.0,fuse_rankavg,0.006011940015270755,0.37350359138068634,9,1262,0.0,4.0,0.341277380890438,varA
cardiovascular,3,contraindication,1072.0,p_A,0.006339144215530904,0.5,8,1262,0.0,0.0,,varA
cardiovascular,3,contraindication,1072.0,p_B,0.006339144215530904,0.5,8,1262,0.0,0.0,,varA
cardiovascular,3,contraindication,1072.0,fuse_rankavg,0.006339144215530904,0.5,8,1262,0.0,0.0,,varA
cardiovascular,3,contraindication,17991.0,p_A,0.6,0.9968253968253968,2,1262,0.0,13.0,0.5808456071791879,varA
cardiovascular,3,contraindication,17991.0,p_B,0.0837742504409171,0.9662698412698413,2,1262,0.0,13.0,0.5808456071791879,varA
cardiovascular,3,contraindication,17991.0,fuse_rankavg,0.19166666666666665,0.9936507936507937,2,1262,0.0,13.0,0.5808456071791879,varA
cardiovascular,3,contraindication,10771.0,p_A,0.024942643027720326,0.7422879908935686,7,1262,0.0,5.0,0.24647286209739386,varA
cardiovascular,3,contraindication,10771.0,p_B,0.009740124063293627,0.6941377347751849,7,1262,0.0,5.0,0.24647286209739386,varA
cardiovascular,3,contraindication,10771.0,fuse_rankavg,0.01867279921244327,0.7816733067729084,7,1262,0.0,5.0,0.24647286209739386,varA
cardiovascular,3,contraindication,24573.0,p_A,0.011056467240041655,0.6100026602819899,9,1262,0.0,15.0,0.4798472807408526,varA
cardiovascular,3,contraindication,24573.0,p_B,0.009315046807430569,0.5890751086281812,9,1262,0.0,15.0,0.4798472807408526,varA
cardiovascular,3,contraindication,24573.0,fuse_rankavg,0.010871606195770947,0.6122638999733973,9,1262,0.0,15.0,0.4798472807408526,varA
cardiovascular,3,contraindication,745.0,p_A,0.00909090909090909,0.9135606661379857,1,1262,0.0,6.0,0.3808579889225788,varA
cardiovascular,3,contraindication,745.0,p_B,0.001996007984031936,0.6034892942109438,1,1262,0.0,6.0,0.3808579889225788,varA
cardiovascular,3,contraindication,745.0,fuse_rankavg,0.0045045045045045045,0.8251387787470261,1,1262,0.0,6.0,0.3808579889225788,varA
cardiovascular,3,contraindication,8889.0,p_A,0.004428907610537275,0.56379173290938,4,1262,0.0,2.0,0.45052470415845247,varA
cardiovascular,3,contraindication,8889.0,p_B,0.003063313560262321,0.3769872813990461,4,1262,0.0,2.0,0.45052470415845247,varA
cardiovascular,3,contraindication,8889.0,fuse_rankavg,0.0034332598792014947,0.4460453100158982,4,1262,0.0,2.0,0.45052470415845247,varA
cardiovascular,3,contraindication,5852.0,p_A,0.003494098494098494,0.48451151707704526,3,1262,0.0,1.0,0.9843151791070853,varA
cardiovascular,3,contraindication,5852.0,p_B,0.00399677819845887,0.46836113317447714,3,1262,0.0,1.0,0.9843151791070853,varA
cardiovascular,3,contraindication,5852.0,fuse_rankavg,0.003686633487446504,0.47511252316653424,3,1262,0.0,1.0,0.9843151791070853,varA
cardiovascular,3,contraindication,6686.0,p_A,0.0041215208062100415,0.588827111464125,3,1262,0.0,11.0,0.22743437776233633,varA
cardiovascular,3,contraindication,6686.0,p_B,0.003855638028474086,0.5414350013238018,3,1262,0.0,11.0,0.22743437776233633,varA
cardiovascular,3,contraindication,6686.0,fuse_rankavg,0.005969528608377309,0.6127879269261318,3,1262,0.0,11.0,0.22743437776233633,varA
cardiovascular,3,contraindication,944.0,p_A,0.003562075717152821,0.556791104050834,3,1262,0.0,13.0,0.12523712415247554,varA
cardiovascular,3,contraindication,944.0,p_B,0.004917959451536666,0.5549377813079163,3,1262,0.0,13.0,0.12523712415247554,varA
cardiovascular,3,contraindication,944.0,fuse_rankavg,0.006075365715256425,0.6051098755626159,3,1262,0.0,13.0,0.12523712415247554,varA
cardiovascular,3,contraindication,4910.0,p_A,0.00592217975751186,0.8047619047619048,2,1262,0.0,3.0,0.3639663506503398,varA
cardiovascular,3,contraindication,4910.0,p_B,0.0016262373545088654,0.2785714285714286,2,1262,0.0,3.0,0.3639663506503398,varA
cardiovascular,3,contraindication,4910.0,fuse_rankavg,0.002514039536981801,0.5371031746031746,2,1262,0.0,3.0,0.3639663506503398,varA
cardiovascular,3,contraindication,1298.0,p_A,0.006912340950116673,0.8317460317460317,2,1262,0.0,1.0,0.44582635132325416,varA
cardiovascular,3,contraindication,1298.0,p_B,0.004656735189522075,0.746031746031746,2,1262,0.0,1.0,0.44582635132325416,varA
cardiovascular,3,contraindication,1298.0,fuse_rankavg,0.008340254706533776,0.8611111111111112,2,1262,0.0,1.0,0.44582635132325416,varA
cardiovascular,3,contraindication,1641.0,p_A,0.0036028088984532964,0.4696849351337039,3,1262,0.0,2.0,0.1048118829833768,varA
cardiovascular,3,contraindication,1641.0,p_B,0.002094072495945674,0.23828435266084189,3,1262,0.0,2.0,0.1048118829833768,varA
cardiovascular,3,contraindication,1641.0,fuse_rankavg,0.003032021430863968,0.31440296531638867,3,1262,0.0,2.0,0.1048118829833768,varA
cardiovascular,3,contraindication,5385.0,p_A,0.0016611295681063123,0.5233941316415542,1,1262,0.0,30.0,-0.05119694735817396,varA
cardiovascular,3,contraindication,5385.0,p_B,0.000819672131147541,0.03330689928628072,1,1262,0.0,30.0,-0.05119694735817396,varA
cardiovascular,3,contraindication,5385.0,fuse_rankavg,0.0009242144177449168,0.14274385408406032,1,1262,0.0,30.0,-0.05119694735817396,varA
cardiovascular,3,contraindication,1956.0,p_A,0.0014705882352941176,0.46153846153846156,1,1262,0.0,2.0,0.22597829263923366,varA
cardiovascular,3,contraindication,1956.0,p_B,0.005076142131979695,0.8445678033306899,1,1262,0.0,2.0,0.22597829263923366,varA
cardiovascular,3,contraindication,1956.0,fuse_rankavg,0.002857142857142857,0.7236320380650276,1,1262,0.0,2.0,0.22597829263923366,varA
cardiovascular,3,contraindication,1221.0,p_A,0.0027970223411886144,0.4347365634101138,3,1262,0.0,3.0,0.29910478921337313,varA
cardiovascular,3,contraindication,1221.0,p_B,0.0032971485566391677,0.33439237490071483,3,1262,0.0,3.0,0.29910478921337313,varA
cardiovascular,3,contraindication,1221.0,fuse_rankavg,0.002547554405045677,0.3673550436854646,3,1262,0.0,3.0,0.29910478921337313,varA
cardiovascular,3,contraindication,945.0,p_A,0.0017761989342806395,0.5543219666931006,1,1262,0.0,4.0,0.14566386986246674,varA
cardiovascular,3,contraindication,945.0,p_B,0.0024752475247524753,0.6804123711340206,1,1262,0.0,4.0,0.14566386986246674,varA
cardiovascular,3,contraindication,945.0,fuse_rankavg,0.0024096385542168677,0.6716891356066613,1,1262,0.0,4.0,0.14566386986246674,varA
cardiovascular,3,contraindication,1954.0,p_A,0.005025125628140704,0.8429817605075336,1,1262,0.0,1.0,0.9833776053446545,varA
cardiovascular,3,contraindication,1954.0,p_B,0.007042253521126761,0.8881839809674862,1,1262,0.0,1.0,0.9833776053446545,varA
cardiovascular,3,contraindication,1954.0,fuse_rankavg,0.005813953488372093,0.8651863600317209,1,1262,0.0,1.0,0.9833776053446545,varA
cardiovascular,3,contraindication,6936.0,p_A,0.0025304807913503567,0.5369047619047619,2,1262,0.0,2.0,0.9827296139112237,varA
cardiovascular,3,contraindication,6936.0,p_B,0.0024643900113236784,0.5313492063492063,2,1262,0.0,2.0,0.9827296139112237,varA
cardiovascular,3,contraindication,6936.0,fuse_rankavg,0.002498404614536285,0.5349206349206349,2,1262,0.0,2.0,0.9827296139112237,varA
cardiovascular,3,contraindication,1612.0,p_A,0.0009191176470588235,0.13798572561459155,1,1262,0.0,9.0,0.33068018293664947,varA
cardiovascular,3,contraindication,1612.0,p_B,0.001201923076923077,0.34099920697858843,1,1262,0.0,9.0,0.33068018293664947,varA
cardiovascular,3,contraindication,1612.0,fuse_rankavg,0.0009285051067780873,0.14750198255352898,1,1262,0.0,9.0,0.33068018293664947,varA
cardiovascular,3,contraindication,6690.0,p_A,0.0010080645161290322,0.21411578112609042,1,1262,0.0,8.0,0.5468994322776143,varA
cardiovascular,3,contraindication,6690.0,p_B,0.0015151515151515152,0.47739888977002376,1,1262,0.0,8.0,0.5468994322776143,varA
cardiovascular,3,contraindication,6690.0,fuse_rankavg,0.001145475372279496,0.3088818398096749,1,1262,0.0,8.0,0.5468994322776143,varA
cardiovascular,3,contraindication,4625.0,p_A,0.001407022863069414,0.17579365079365078,2,1262,0.0,3.0,-0.14239074115087408,varA
cardiovascular,3,contraindication,4625.0,p_B,0.019053301511535402,0.8230158730158731,2,1262,0.0,3.0,-0.14239074115087408,varA
cardiovascular,3,contraindication,4625.0,fuse_rankavg,0.002257668771390042,0.4882936507936508,2,1262,0.0,3.0,-0.14239074115087408,varA
cardiovascular,3,off-label use,17991.0,p_A,0.9087301587301586,0.9984802431610943,7,477,0.0,13.0,0.5205347051091924,varA
cardiovascular,3,off-label use,17991.0,p_B,0.022095385138569068,0.643161094224924,7,477,0.0,13.0,0.5205347051091924,varA
cardiovascular,3,off-label use,17991.0,fuse_rankavg,0.06430721690590112,0.8858662613981764,7,477,0.0,13.0,0.5205347051091924,varA
cardiovascular,3,off-label use,5267.0,p_A,0.23815029999240528,0.9750759878419453,7,477,0.0,59.0,-0.15083499299968625,varA
cardiovascular,3,off-label use,5267.0,p_B,0.015862179489079784,0.4987841945288754,7,477,0.0,59.0,-0.15083499299968625,varA
cardiovascular,3,off-label use,5267.0,fuse_rankavg,0.06106064590956349,0.8788753799392097,7,477,0.0,59.0,-0.15083499299968625,varA
cardiovascular,3,off-label use,5904.0,p_A,0.09291656870609011,0.9067164179104478,8,477,0.0,8.0,0.19661419771429042,varA
cardiovascular,3,off-label use,5904.0,p_B,0.02226207223495468,0.6108742004264393,8,477,0.0,8.0,0.19661419771429042,varA
cardiovascular,3,off-label use,5904.0,fuse_rankavg,0.060805796649867946,0.8616737739872069,8,477,0.0,8.0,0.19661419771429042,varA
cardiovascular,3,off-label use,4496.0,p_A,0.14471568666615106,0.9516717325227965,7,477,0.0,12.0,0.055083084671316944,varA
cardiovascular,3,off-label use,4496.0,p_B,0.01646844054623411,0.5212765957446809,7,477,0.0,12.0,0.055083084671316944,varA
cardiovascular,3,off-label use,4496.0,fuse_rankavg,0.04799140759292562,0.8398176291793313,7,477,0.0,12.0,0.055083084671316944,varA
cardiovascular,3,off-label use,18882.0,p_A,0.6691468253968255,0.9749466950959489,8,477,0.0,21.0,-0.006108143444928331,varA
cardiovascular,3,off-label use,18882.0,p_B,0.021489873608920764,0.5906183368869935,8,477,0.0,21.0,-0.006108143444928331,varA
cardiovascular,3,off-label use,18882.0,fuse_rankavg,0.09054317008772,0.9056503198294242,8,477,0.0,21.0,-0.006108143444928331,varA
cardiovascular,3,off-label use,1221.0,p_A,0.014492753623188406,0.8571428571428571,1,477,0.0,3.0,0.37011837648005147,varA
cardiovascular,3,off-label use,1221.0,p_B,0.005649717514124294,0.6302521008403361,1,477,0.0,3.0,0.37011837648005147,varA
cardiovascular,3,off-label use,1221.0,fuse_rankavg,0.010869565217391304,0.8109243697478992,1,477,0.0,3.0,0.37011837648005147,varA
cardiovascular,3,off-label use,11057.0,p_A,0.02222222222222222,0.8642105263157894,2,477,0.0,30.0,0.18296207944561382,varA
cardiovascular,3,off-label use,11057.0,p_B,0.006984540882845967,0.5631578947368421,2,477,0.0,30.0,0.18296207944561382,varA
cardiovascular,3,off-label use,11057.0,fuse_rankavg,0.016666666666666666,0.8136842105263158,2,477,0.0,30.0,0.18296207944561382,varA
cardiovascular,3,off-label use,2679.0,p_A,0.02724137931034483,0.8894736842105263,2,477,0.0,10.0,0.36279437597696873,varA
cardiovascular,3,off-label use,2679.0,p_B,0.007576146036303969,0.5873684210526315,2,477,0.0,10.0,0.36279437597696873,varA
cardiovascular,3,off-label use,2679.0,fuse_rankavg,0.015628427286685675,0.8031578947368421,2,477,0.0,10.0,0.36279437597696873,varA
cardiovascular,3,off-label use,11479.0,p_A,0.09613368235048914,0.9124620060790274,7,477,0.0,5.0,-0.11442318935123053,varA
cardiovascular,3,off-label use,11479.0,p_B,0.016321296922081487,0.5182370820668692,7,477,0.0,5.0,-0.11442318935123053,varA
cardiovascular,3,off-label use,11479.0,fuse_rankavg,0.07938579152531562,0.8232522796352584,7,477,0.0,5.0,-0.11442318935123053,varA
cardiovascular,3,off-label use,4981.0,p_A,0.3002768189307745,0.8179824561403508,21,477,0.0,132.0,0.09626035362295604,varA
cardiovascular,3,off-label use,4981.0,p_B,0.03232631439998953,0.34440267335004177,21,477,0.0,132.0,0.09626035362295604,varA
cardiovascular,3,off-label use,4981.0,fuse_rankavg,0.07801243995584847,0.5929406850459482,21,477,0.0,132.0,0.09626035362295604,varA
cardiovascular,3,off-label use,4910.0,p_A,0.0809399678260655,0.9122434536447276,6,477,0.0,3.0,0.12887692301313403,varA
cardiovascular,3,off-label use,4910.0,p_B,0.013081757927062813,0.4731068648266101,6,477,0.0,3.0,0.12887692301313403,varA
cardiovascular,3,off-label use,4910.0,fuse_rankavg,0.03377678410087018,0.7708775654635527,6,477,0.0,3.0,0.12887692301313403,varA
cardiovascular,3,off-label use,6727.0,p_A,0.14939977390573514,0.7083333333333333,21,477,0.0,29.0,0.10338168364110295,varA
cardiovascular,3,off-label use,6727.0,p_B,0.033984328576137375,0.37687969924812026,21,477,0.0,29.0,0.10338168364110295,varA
cardiovascular,3,off-label use,6727.0,fuse_rankavg,0.05170939826960509,0.5416666666666666,21,477,0.0,29.0,0.10338168364110295,varA
cardiovascular,3,off-label use,1298.0,p_A,0.10372596153846153,0.9281670205237085,6,477,0.0,1.0,0.10990185739814991,varA
cardiovascular,3,off-label use,1298.0,p_B,0.02214558651532201,0.6939136588818118,6,477,0.0,1.0,0.10990185739814991,varA
cardiovascular,3,off-label use,1298.0,fuse_rankavg,0.11389388570761119,0.9228591648973814,6,477,0.0,1.0,0.10990185739814991,varA
cardiovascular,3,off-label use,5044.0,p_A,0.011217948717948718,0.728421052631579,2,477,0.0,19.0,0.07760748211222891,varA
cardiovascular,3,off-label use,5044.0,p_B,0.004193273733503618,0.27157894736842103,2,477,0.0,19.0,0.07760748211222891,varA
cardiovascular,3,off-label use,5044.0,fuse_rankavg,0.005910267471958585,0.4826315789473684,2,477,0.0,19.0,0.07760748211222891,varA
cardiovascular,3,off-label use,6981.0,p_A,0.011357209397024575,0.4775423728813559,5,477,0.0,51.0,0.23860369655263913,varA
cardiovascular,3,off-label use,6981.0,p_B,0.010833817669546423,0.4423728813559322,5,477,0.0,51.0,0.23860369655263913,varA
cardiovascular,3,off-label use,6981.0,fuse_rankavg,0.010764664696138026,0.44046610169491524,5,477,0.0,51.0,0.23860369655263913,varA
cardiovascular,3,off-label use,8364.0,p_A,0.01375983397669042,0.607293868921776,4,477,0.0,5.0,0.5643563097497162,varA
cardiovascular,3,off-label use,8364.0,p_B,0.006859394995364313,0.2743128964059196,4,477,0.0,5.0,0.5643563097497162,varA
cardiovascular,3,off-label use,8364.0,fuse_rankavg,0.00852623137381679,0.41728329809725156,4,477,0.0,5.0,0.5643563097497162,varA
cardiovascular,3,off-label use,5068.0,p_A,0.07772871623274558,0.8805792972459638,9,477,0.0,83.0,0.410326188360268,varA
cardiovascular,3,off-label use,5068.0,p_B,0.023200144418841235,0.5524691358024691,9,477,0.0,83.0,0.410326188360268,varA
cardiovascular,3,off-label use,5068.0,fuse_rankavg,0.06423984834485971,0.7636514719848053,9,477,0.0,83.0,0.410326188360268,varA
cardiovascular,3,off-label use,6716.0,p_A,0.08456954176916212,0.8938746438746439,9,477,0.0,87.0,0.5627161493713538,varA
cardiovascular,3,off-label use,6716.0,p_B,0.04743312999777408,0.7808641975308642,9,477,0.0,87.0,0.5627161493713538,varA
cardiovascular,3,off-label use,6716.0,fuse_rankavg,0.0894392727706379,0.8884140550807217,9,477,0.0,87.0,0.5627161493713538,varA
cardiovascular,3,off-label use,745.0,p_A,0.0049504950495049506,0.5777310924369747,1,477,0.0,6.0,0.22919461148604287,varA
cardiovascular,3,off-label use,745.0,p_B,0.006944444444444444,0.6995798319327731,1,477,0.0,6.0,0.22919461148604287,varA
cardiovascular,3,off-label use,745.0,fuse_rankavg,0.006896551724137931,0.6985294117647058,1,477,0.0,6.0,0.22919461148604287,varA
cardiovascular,3,off-label use,4745.0,p_A,0.0268140589569161,0.7313642756680732,3,477,0.0,2.0,0.9125376793787203,varA
cardiovascular,3,off-label use,4745.0,p_B,0.005733514199458234,0.2967651195499297,3,477,0.0,2.0,0.9125376793787203,varA
cardiovascular,3,off-label use,4745.0,fuse_rankavg,0.008299332111673233,0.510196905766526,3,477,0.0,2.0,0.9125376793787203,varA
cardiovascular,3,off-label use,6021.0,p_A,0.0034264362942548234,0.08842105263157896,2,477,0.0,1.0,0.9294286555389548,varA
cardiovascular,3,off-label use,6021.0,p_B,0.003565594275759384,0.14,2,477,0.0,1.0,0.9294286555389548,varA
cardiovascular,3,off-label use,6021.0,fuse_rankavg,0.0034556727207061284,0.10263157894736843,2,477,0.0,1.0,0.9294286555389548,varA
cardiovascular,3,off-label use,5264.0,p_A,0.01526374859708193,0.8021052631578948,2,477,0.0,50.0,0.22846066348876837,varA
cardiovascular,3,off-label use,5264.0,p_B,0.004838135510943788,0.3610526315789474,2,477,0.0,50.0,0.22846066348876837,varA
cardiovascular,3,off-label use,5264.0,fuse_rankavg,0.007494132707488799,0.5942105263157895,2,477,0.0,50.0,0.22846066348876837,varA
cardiovascular,3,off-label use,5299.0,p_A,0.005988023952095809,0.6512605042016807,1,477,0.0,56.0,0.4457415564330326,varA
cardiovascular,3,off-label use,5299.0,p_B,0.0031545741324921135,0.33613445378151263,1,477,0.0,56.0,0.4457415564330326,varA
cardiovascular,3,off-label use,5299.0,fuse_rankavg,0.004032258064516129,0.4821428571428571,1,477,0.0,56.0,0.4457415564330326,varA
cardiovascular,3,off-label use,5294.0,p_A,0.011627906976744186,0.8214285714285714,1,477,0.0,9.0,-0.21465397165874953,varA
cardiovascular,3,off-label use,5294.0,p_B,0.004048582995951417,0.4831932773109243,1,477,0.0,9.0,-0.21465397165874953,varA
cardiovascular,3,off-label use,5294.0,fuse_rankavg,0.011363636363636364,0.8172268907563025,1,477,0.0,9.0,-0.21465397165874953,varA
cardiovascular,3,off-label use,5386.0,p_A,0.006993006993006993,0.7016806722689075,1,477,0.0,3.0,-0.08030500083616778,varA
cardiovascular,3,off-label use,5386.0,p_B,0.0034602076124567475,0.39495798319327735,1,477,0.0,3.0,-0.08030500083616778,varA
cardiovascular,3,off-label use,5386.0,fuse_rankavg,0.005076142131979695,0.5882352941176471,1,477,0.0,3.0,-0.08030500083616778,varA
cardiovascular,3,off-label use,5295.0,p_A,0.023255813953488372,0.9117647058823529,1,477,0.0,2.0,0.9265600886752475,varA
cardiovascular,3,off-label use,5295.0,p_B,0.004672897196261682,0.5525210084033614,1,477,0.0,2.0,0.9265600886752475,varA
cardiovascular,3,off-label use,5295.0,fuse_rankavg,0.007633587786259542,0.7268907563025211,1,477,0.0,2.0,0.9265600886752475,varA
cardiovascular,3,off-label use,1613.0,p_A,0.023809523809523808,0.9138655462184874,1,477,0.0,10.0,0.5549485514948053,varA
cardiovascular,3,off-label use,1613.0,p_B,0.003289473684210526,0.36344537815126055,1,477,0.0,10.0,0.5549485514948053,varA
cardiovascular,3,off-label use,1613.0,fuse_rankavg,0.0058823529411764705,0.6449579831932772,1,477,0.0,10.0,0.5549485514948053,varA
cardiovascular,3,off-label use,6809.0,p_A,0.015151515151515152,0.8634453781512605,1,477,0.0,1.0,-0.24174149562083036,varA
cardiovascular,3,off-label use,6809.0,p_B,0.0035971223021582736,0.41806722689075626,1,477,0.0,1.0,-0.24174149562083036,varA
cardiovascular,3,off-label use,6809.0,fuse_rankavg,0.009900990099009901,0.7899159663865546,1,477,0.0,1.0,-0.24174149562083036,varA
cardiovascular,4,indication,6955.0,p_A,0.030437434503918552,0.91224147568474,9,1798,0.0,4.0,0.7502827367774683,varA
cardiovascular,4,indication,6955.0,p_B,0.0053636506096588965,0.5184771132227812,9,1798,0.0,4.0,0.7502827367774683,varA
cardiovascular,4,indication,6955.0,fuse_rankavg,0.009802119597429573,0.7387739891932177,9,1798,0.0,4.0,0.7502827367774683,varA
cardiovascular,4,indication,5009.0,p_A,0.047785898326619794,0.6201115888615889,22,1798,0.0,92.0,0.12739358112677793,varA
cardiovascular,4,indication,5009.0,p_B,0.015062276384144258,0.5880681818181819,22,1798,0.0,92.0,0.12739358112677793,varA
cardiovascular,4,indication,5009.0,fuse_rankavg,0.024859878166928917,0.6328572891072891,22,1798,0.0,92.0,0.12739358112677793,varA
cardiovascular,4,indication,5044.0,p_A,0.0442245882964087,0.32325228398774236,103,1798,0.0,19.0,0.3804197228259337,varA
cardiovascular,4,indication,5044.0,p_B,0.034527037845599955,0.21406764613225648,103,1798,0.0,19.0,0.3804197228259337,varA
cardiovascular,4,indication,5044.0,fuse_rankavg,0.035138626558991345,0.22550620041813446,103,1798,0.0,19.0,0.3804197228259337,varA
cardiovascular,4,indication,2277.0,p_A,0.12189506436792892,0.8412698412698413,7,1798,0.0,97.0,0.15152255287627414,varA
cardiovascular,4,indication,2277.0,p_B,0.007379699579960994,0.675440695541198,7,1798,0.0,97.0,0.15152255287627414,varA
cardiovascular,4,indication,2277.0,fuse_rankavg,0.04672341836567896,0.8316582914572864,7,1798,0.0,97.0,0.15152255287627414,varA
cardiovascular,4,indication,5311.0,p_A,0.014201284290819353,0.7573582196697775,7,1798,0.0,99.0,0.37354325431537777,varA
cardiovascular,4,indication,5311.0,p_B,0.004394077386320833,0.5132806891600862,7,1798,0.0,99.0,0.37354325431537777,varA
cardiovascular,4,indication,5311.0,fuse_rankavg,0.007912192756347497,0.6803461753210497,7,1798,0.0,99.0,0.37354325431537777,varA
cardiovascular,4,indication,5068.0,p_A,0.12907972982770857,0.9177069747220669,9,1798,0.0,83.0,0.1036926635488788,varA
cardiovascular,4,indication,5068.0,p_B,0.0039724369341622295,0.3528352276256133,9,1798,0.0,83.0,0.1036926635488788,varA
cardiovascular,4,indication,5068.0,fuse_rankavg,0.009976334979430361,0.6841189988199491,9,1798,0.0,83.0,0.1036926635488788,varA
cardiovascular,4,indication,6716.0,p_A,0.13016449299996025,0.9261536550524812,9,1798,0.0,87.0,0.2959487980248037,varA
cardiovascular,4,indication,6716.0,p_B,0.007077986530520492,0.5712688652878704,9,1798,0.0,87.0,0.2959487980248037,varA
cardiovascular,4,indication,6716.0,fuse_rankavg,0.04366424465599769,0.8113781752686169,9,1798,0.0,87.0,0.2959487980248037,varA
cardiovascular,4,indication,831.0,p_A,0.00878472065872401,0.70677808727948,3,1798,0.0,9.0,0.13360152097635436,varA
cardiovascular,4,indication,831.0,p_B,0.002168783629384128,0.5056638811513463,3,1798,0.0,9.0,0.13360152097635436,varA
cardiovascular,4,indication,831.0,fuse_rankavg,0.0037536709930070544,0.6566388115134633,3,1798,0.0,9.0,0.13360152097635436,varA
cardiovascular,4,indication,6809.0,p_A,0.005687202743782297,0.7288765088207985,3,1798,0.0,1.0,-0.3382360810594434,varA
cardiovascular,4,indication,6809.0,p_B,0.008438174003205985,0.7275766016713092,3,1798,0.0,1.0,-0.3382360810594434,varA
cardiovascular,4,indication,6809.0,fuse_rankavg,0.08726497678313161,0.8366759517177345,3,1798,0.0,1.0,-0.3382360810594434,varA
cardiovascular,4,indication,4981.0,p_A,0.04057186665019039,0.8274343369634849,14,1798,0.0,132.0,-0.03399811661827886,varA
cardiovascular,4,indication,4981.0,p_B,0.00929107052057725,0.3418481742472774,14,1798,0.0,132.0,-0.03399811661827886,varA
cardiovascular,4,indication,4981.0,fuse_rankavg,0.011279896220705209,0.6157911595131326,14,1798,0.0,132.0,-0.03399811661827886,varA
cardiovascular,4,indication,6021.0,p_A,0.0030699056413379384,0.48053541550474066,5,1798,0.0,1.0,0.949315154245756,varA
cardiovascular,4,indication,6021.0,p_B,0.0030804858145657087,0.48979364194088115,5,1798,0.0,1.0,0.949315154245756,varA
cardiovascular,4,indication,6021.0,fuse_rankavg,0.0030442961303709525,0.4849972113775795,5,1798,0.0,1.0,0.949315154245756,varA
cardiovascular,4,indication,6981.0,p_A,0.003544942960879513,0.2705422023476803,9,1798,0.0,51.0,0.20015774710661716,varA
cardiovascular,4,indication,6981.0,p_B,0.005828067559584604,0.5472330911123533,9,1798,0.0,51.0,0.20015774710661716,varA
cardiovascular,4,indication,6981.0,fuse_rankavg,0.0039926220629565,0.3539531706105211,9,1798,0.0,51.0,0.20015774710661716,varA
cardiovascular,4,indication,24573.0,p_A,0.011627906976744186,0.9526989426822482,1,1798,0.0,15.0,0.5681643069961513,varA
cardiovascular,4,indication,24573.0,p_B,0.00819672131147541,0.9326655537006122,1,1798,0.0,15.0,0.5681643069961513,varA
cardiovascular,4,indication,24573.0,fuse_rankavg,0.016666666666666666,0.9671675013912076,1,1798,0.0,15.0,0.5681643069961513,varA
cardiovascular,4,indication,5279.0,p_A,0.017606387371944532,0.5492241540474855,15,1798,0.0,11.0,0.13267011288326613,varA
cardiovascular,4,indication,5279.0,p_B,0.014644355715075925,0.6372406057206954,15,1798,0.0,11.0,0.13267011288326613,varA
cardiovascular,4,indication,5279.0,fuse_rankavg,0.011985631578319063,0.6092914563469808,15,1798,0.0,11.0,0.13267011288326613,varA
cardiovascular,4,indication,11057.0,p_A,0.036095392646033654,0.8093945270415859,13,1798,0.0,30.0,-0.1782378611528919,varA
cardiovascular,4,indication,11057.0,p_B,0.007452137051047903,0.5144580909286791,13,1798,0.0,30.0,-0.1782378611528919,varA
cardiovascular,4,indication,11057.0,fuse_rankavg,0.031108470158835867,0.7486102133160957,13,1798,0.0,30.0,-0.1782378611528919,varA
cardiovascular,4,indication,2679.0,p_A,0.017621020017919407,0.8511871508379888,8,1798,0.0,10.0,0.18415235253775278,varA
cardiovascular,4,indication,2679.0,p_B,0.005415772098284767,0.550209497206704,8,1798,0.0,10.0,0.18415235253775278,varA
cardiovascular,4,indication,2679.0,fuse_rankavg,0.014411464156153186,0.7644203910614524,8,1798,0.0,10.0,0.18415235253775278,varA
cardiovascular,4,indication,5294.0,p_A,0.00378445309148104,0.5602900167317345,5,1798,0.0,9.0,-0.3410359541590044,varA
cardiovascular,4,indication,5294.0,p_B,0.0027858819298956783,0.43368655883993307,5,1798,0.0,9.0,-0.3410359541590044,varA
cardiovascular,4,indication,5294.0,fuse_rankavg,0.0036605515320578775,0.5274400446179587,5,1798,0.0,9.0,-0.3410359541590044,varA
cardiovascular,4,indication,5386.0,p_A,0.004678678971716238,0.6448410485220302,5,1798,0.0,3.0,-0.3092924460406285,varA
cardiovascular,4,indication,5386.0,p_B,0.003183861363933803,0.4982710540992749,5,1798,0.0,3.0,-0.3092924460406285,varA
cardiovascular,4,indication,5386.0,fuse_rankavg,0.005485282258246554,0.6288901282766314,5,1798,0.0,3.0,-0.3092924460406285,varA
cardiovascular,4,indication,5295.0,p_A,0.0028475765601193915,0.3576078869047619,6,1798,0.0,2.0,0.9379308888794112,varA
cardiovascular,4,indication,5295.0,p_B,0.0028172160174410317,0.35165550595238093,6,1798,0.0,2.0,0.9379308888794112,varA
cardiovascular,4,indication,5295.0,fuse_rankavg,0.0028284837506086045,0.35063244047619047,6,1798,0.0,2.0,0.9379308888794112,varA
cardiovascular,4,indication,9934.0,p_A,0.009367811138372447,0.8846796657381616,3,1798,0.0,4.0,0.31376016934217904,varA
cardiovascular,4,indication,9934.0,p_B,0.0053379709858608505,0.7483751160631383,3,1798,0.0,4.0,0.31376016934217904,varA
cardiovascular,4,indication,9934.0,fuse_rankavg,0.01076585831861988,0.8868152274837512,3,1798,0.0,4.0,0.31376016934217904,varA
cardiovascular,4,indication,5385.0,p_A,0.025187770023263542,0.7077065923862581,3,1798,0.0,30.0,-0.019129899871103855,varA
cardiovascular,4,indication,5385.0,p_B,0.002139350243631791,0.4945218198700093,3,1798,0.0,30.0,-0.019129899871103855,varA
cardiovascular,4,indication,5385.0,fuse_rankavg,0.005494121389755287,0.6429897864438254,3,1798,0.0,30.0,-0.019129899871103855,varA
cardiovascular,4,indication,11479.0,p_A,0.004656098406098406,0.8232182628062361,2,1798,0.0,5.0,-0.23575038938628612,varA
cardiovascular,4,indication,11479.0,p_B,0.004047178538390379,0.7402561247216036,2,1798,0.0,5.0,-0.23575038938628612,varA
cardiovascular,4,indication,11479.0,fuse_rankavg,0.01397624039133473,0.9267817371937639,2,1798,0.0,5.0,-0.23575038938628612,varA
cardiovascular,4,indication,8364.0,p_A,0.001442957026557125,0.4242761692650334,2,1798,0.0,5.0,0.38279013272130696,varA
cardiovascular,4,indication,8364.0,p_B,0.0015069390801704609,0.4615812917594655,2,1798,0.0,5.0,0.38279013272130696,varA
cardiovascular,4,indication,8364.0,fuse_rankavg,0.0013047983421010682,0.3751391982182628,2,1798,0.0,5.0,0.38279013272130696,varA
cardiovascular,4,indication,5267.0,p_A,0.0006825938566552901,0.1853088480801336,1,1798,0.0,59.0,-0.11653311756888715,varA
cardiovascular,4,indication,5267.0,p_B,0.0012836970474967907,0.567056204785754,1,1798,0.0,59.0,-0.11653311756888715,varA
cardiovascular,4,indication,5267.0,fuse_rankavg,0.0007479431563201197,0.25681691708402893,1,1798,0.0,59.0,-0.11653311756888715,varA
cardiovascular,4,indication,4995.0,p_A,0.0011376564277588168,0.5114079020589872,1,1798,0.0,4.0,0.25601615202472605,varA
cardiovascular,4,indication,4995.0,p_B,0.0036363636363636364,0.847523650528659,1,1798,0.0,4.0,0.25601615202472605,varA
cardiovascular,4,indication,4995.0,fuse_rankavg,0.0022522522522522522,0.7537562604340567,1,1798,0.0,4.0,0.25601615202472605,varA
cardiovascular,4,indication,5264.0,p_A,0.00585634998345732,0.7009476031215162,4,1798,0.0,50.0,0.20620467135555637,varA
cardiovascular,4,indication,5264.0,p_B,0.0025249004389597375,0.47421962095875136,4,1798,0.0,50.0,0.20620467135555637,varA
cardiovascular,4,indication,5264.0,fuse_rankavg,0.004081628191861466,0.617335562987737,4,1798,0.0,50.0,0.20620467135555637,varA
cardiovascular,4,indication,5299.0,p_A,0.003482354916966581,0.5698160535117057,4,1798,0.0,56.0,0.5483765790075614,varA
cardiovascular,4,indication,5299.0,p_B,0.002214855448708646,0.39994425863991084,4,1798,0.0,56.0,0.5483765790075614,varA
cardiovascular,4,indication,5299.0,fuse_rankavg,0.002549364287524743,0.4754738015607581,4,1798,0.0,56.0,0.5483765790075614,varA
cardiovascular,4,indication,5010.0,p_A,1.0,1.0,1,1798,0.0,216.0,0.5909909576132436,varA
cardiovascular,4,indication,5010.0,p_B,0.5,0.9994435169727323,1,1798,0.0,216.0,0.5909909576132436,varA
cardiovascular,4,indication,5010.0,fuse_rankavg,1.0,1.0,1,1798,0.0,216.0,0.5909909576132436,varA
cardiovascular,4,indication,465.0,p_A,0.0009000900090009,0.3823038397328882,1,1798,0.0,11.0,0.15934379187207237,varA
cardiovascular,4,indication,465.0,p_B,0.0006459948320413437,0.13912075681691705,1,1798,0.0,11.0,0.15934379187207237,varA
cardiovascular,4,indication,465.0,fuse_rankavg,0.0006653359946773121,0.16416249304396213,1,1798,0.0,11.0,0.15934379187207237,varA
cardiovascular,4,indication,745.0,p_A,0.002971061690087527,0.3619791666666667,6,1798,0.0,6.0,0.3356968808721907,varA
cardiovascular,4,indication,745.0,p_B,0.008432473812055627,0.6725260416666667,6,1798,0.0,6.0,0.3356968808721907,varA
cardiovascular,4,indication,745.0,fuse_rankavg,0.003995342595065376,0.5223679315476191,6,1798,0.0,6.0,0.3356968808721907,varA
cardiovascular,4,indication,19514.0,p_A,0.02857142857142857,0.9810795770728993,1,1798,0.0,4.0,0.8394310109525088,varA
cardiovascular,4,indication,19514.0,p_B,0.002004008016032064,0.7228714524207012,1,1798,0.0,4.0,0.8394310109525088,varA
cardiovascular,4,indication,19514.0,fuse_rankavg,0.004405286343612335,0.8747913188647746,1,1798,0.0,4.0,0.8394310109525088,varA
cardiovascular,4,indication,8542.0,p_A,0.0031847133757961785,0.8258208124652198,1,1798,0.0,16.0,0.5779492136547573,varA
cardiovascular,4,indication,8542.0,p_B,0.0019646365422396855,0.7173066221480244,1,1798,0.0,16.0,0.5779492136547573,varA
cardiovascular,4,indication,8542.0,fuse_rankavg,0.0031746031746031746,0.825542570951586,1,1798,0.0,16.0,0.5779492136547573,varA
cardiovascular,4,indication,11514.0,p_A,0.0026954177897574125,0.7941012799109627,1,1798,0.0,2.0,0.6890586056782744,varA
cardiovascular,4,indication,11514.0,p_B,0.003663003663003663,0.8486366165831942,1,1798,0.0,2.0,0.6890586056782744,varA
cardiovascular,4,indication,11514.0,fuse_rankavg,0.0043859649122807015,0.8736783528102393,1,1798,0.0,2.0,0.6890586056782744,varA
cardiovascular,4,indication,8889.0,p_A,0.03333333333333333,0.9838619922092375,1,1798,0.0,2.0,0.64054963934545,varA
cardiovascular,4,indication,8889.0,p_B,0.0009746588693957114,0.42960489705064,1,1798,0.0,2.0,0.64054963934545,varA
cardiovascular,4,indication,8889.0,fuse_rankavg,0.002109704641350211,0.7370617696160267,1,1798,0.0,2.0,0.64054963934545,varA
cardiovascular,4,indication,8638.0,p_A,0.007415592714879114,0.8914253897550111,2,1798,0.0,9.0,-0.19412982233971032,varA
cardiovascular,4,indication,8638.0,p_B,0.0068143622959064756,0.7157572383073496,2,1798,0.0,9.0,-0.19412982233971032,varA
cardiovascular,4,indication,8638.0,fuse_rankavg,0.04515098722415795,0.9175946547884187,2,1798,0.0,9.0,-0.19412982233971032,varA
cardiovascular,4,indication,6812.0,p_A,0.0024529418858326847,0.6642538975501113,2,1798,0.0,6.0,-0.054133737902078406,varA
cardiovascular,4,indication,6812.0,p_B,0.005245323936026024,0.832683741648107,2,1798,0.0,6.0,-0.054133737902078406,varA
cardiovascular,4,indication,6812.0,fuse_rankavg,0.009039750957854406,0.9015868596881961,2,1798,0.0,6.0,-0.054133737902078406,varA
cardiovascular,4,indication,6658.0,p_A,0.0006317119393556538,0.1196438508625487,1,1798,0.0,50.0,0.49483396382999884,varA
cardiovascular,4,indication,6658.0,p_B,0.0007077140835102619,0.2142459654980523,1,1798,0.0,50.0,0.49483396382999884,varA
cardiovascular,4,indication,6658.0,fuse_rankavg,0.0006349206349206349,0.12437395659432388,1,1798,0.0,50.0,0.49483396382999884,varA
cardiovascular,4,indication,5081.0,p_A,0.0012406947890818859,0.552031163049527,1,1798,0.0,4.0,0.1490945550440842,varA
cardiovascular,4,indication,5081.0,p_B,0.0009049773755656109,0.38564273789649417,1,1798,0.0,4.0,0.1490945550440842,varA
cardiovascular,4,indication,5081.0,fuse_rankavg,0.000966183574879227,0.424596549805231,1,1798,0.0,4.0,0.1490945550440842,varA
cardiovascular,4,indication,1641.0,p_A,0.0024330900243309003,0.771841958820256,1,1798,0.0,2.0,-0.2205041629716979,varA
cardiovascular,4,indication,1641.0,p_B,0.0010799136069114472,0.4852531997774068,1,1798,0.0,2.0,-0.2205041629716979,varA
cardiovascular,4,indication,1641.0,fuse_rankavg,0.0022935779816513763,0.7579298831385642,1,1798,0.0,2.0,-0.2205041629716979,varA
cardiovascular,4,indication,1072.0,p_A,0.0005561735261401557,0.5,1,1798,0.0,0.0,,varA
cardiovascular,4,indication,1072.0,p_B,0.0005561735261401557,0.5,1,1798,0.0,0.0,,varA
cardiovascular,4,indication,1072.0,fuse_rankavg,0.0005561735261401557,0.5,1,1798,0.0,0.0,,varA
cardiovascular,4,indication,945.0,p_A,0.0011750881316098707,0.5281023928770172,1,1798,0.0,4.0,0.9377695160550951,varA
cardiovascular,4,indication,945.0,p_B,0.0011507479861910242,0.5180856983861992,1,1798,0.0,4.0,0.9377695160550951,varA
cardiovascular,4,indication,945.0,fuse_rankavg,0.0011737089201877935,0.5275459098497497,1,1798,0.0,4.0,0.9377695160550951,varA
cardiovascular,4,contraindication,19180.0,p_A,0.3104055041505547,0.7998221544715447,32,1262,0.0,17.0,0.3085632825571678,varA
cardiovascular,4,contraindication,19180.0,p_B,0.028772469896164856,0.4111534552845528,32,1262,0.0,17.0,0.3085632825571678,varA
cardiovascular,4,contraindication,19180.0,fuse_rankavg,0.04560481114772156,0.6236280487804877,32,1262,0.0,17.0,0.3085632825571678,varA
cardiovascular,4,contraindication,5044.0,p_A,0.49499753368298127,0.7699063731091291,307,1262,0.0,19.0,0.49112888359991014,varA
cardiovascular,4,contraindication,5044.0,p_B,0.2828735092824246,0.5922028753176323,307,1262,0.0,19.0,0.49112888359991014,varA
cardiovascular,4,contraindication,5044.0,fuse_rankavg,0.42117458105059485,0.7080546412674591,307,1262,0.0,19.0,0.49112888359991014,varA
cardiovascular,4,contraindication,5294.0,p_A,0.13138174348184334,0.5942452327978052,61,1262,0.0,9.0,-0.22054538950608396,varA
cardiovascular,4,contraindication,5294.0,p_B,0.03843527484698735,0.3941524139719632,61,1262,0.0,9.0,-0.22054538950608396,varA
cardiovascular,4,contraindication,5294.0,fuse_rankavg,0.05534945277824746,0.49780237779992087,61,1262,0.0,9.0,-0.22054538950608396,varA
cardiovascular,4,contraindication,5009.0,p_A,0.16383396378380946,0.7154710725735937,94,1262,0.0,92.0,0.27121844617285545,varA
cardiovascular,4,contraindication,5009.0,p_B,0.07946629093349596,0.49960835033517925,94,1262,0.0,92.0,0.27121844617285545,varA
cardiovascular,4,contraindication,5009.0,fuse_rankavg,0.13518111778388806,0.6297180122413291,94,1262,0.0,92.0,0.27121844617285545,varA
cardiovascular,4,contraindication,1574.0,p_A,0.03613293133982878,0.613795731707317,32,1262,0.0,7.0,0.371265424268143,varA
cardiovascular,4,contraindication,1574.0,p_B,0.02909327057582941,0.3464684959349594,32,1262,0.0,7.0,0.371265424268143,varA
cardiovascular,4,contraindication,1574.0,fuse_rankavg,0.029896285419970737,0.4696138211382114,32,1262,0.0,7.0,0.371265424268143,varA
cardiovascular,4,contraindication,1576.0,p_A,0.043953517503215356,0.6688770325203253,32,1262,0.0,6.0,0.24675854575495426,varA
cardiovascular,4,contraindication,1576.0,p_B,0.029038491072072715,0.3465955284552845,32,1262,0.0,6.0,0.24675854575495426,varA
cardiovascular,4,contraindication,1576.0,fuse_rankavg,0.030969238781815952,0.5050558943089432,32,1262,0.0,6.0,0.24675854575495426,varA
cardiovascular,4,contraindication,5386.0,p_A,0.06458001703357227,0.5553629032258064,62,1262,0.0,3.0,0.044526111560931024,varA
cardiovascular,4,contraindication,5386.0,p_B,0.04267198672180457,0.42881720430107534,62,1262,0.0,3.0,0.044526111560931024,varA
cardiovascular,4,contraindication,5386.0,fuse_rankavg,0.06429640177030915,0.5139784946236559,62,1262,0.0,3.0,0.044526111560931024,varA
cardiovascular,4,contraindication,5295.0,p_A,0.03909259058809758,0.39910730129263866,61,1262,0.0,2.0,0.981636039557604,varA
cardiovascular,4,contraindication,5295.0,p_B,0.03972893547281277,0.4034069969014891,61,1262,0.0,2.0,0.981636039557604,varA
cardiovascular,4,contraindication,5295.0,fuse_rankavg,0.03940937407163422,0.40084082936350857,61,1262,0.0,2.0,0.981636039557604,varA
cardiovascular,4,contraindication,992.0,p_A,0.36803731138894197,0.718597987605784,215,1262,0.0,9.0,-0.0503445353865779,varA
cardiovascular,4,contraindication,992.0,p_B,0.15774845689997177,0.4436374136514072,215,1262,0.0,9.0,-0.0503445353865779,varA
cardiovascular,4,contraindication,992.0,fuse_rankavg,0.26231190264379256,0.6120388263254926,215,1262,0.0,9.0,-0.0503445353865779,varA
cardiovascular,4,contraindication,5010.0,p_A,0.5228116503757356,0.7629236641221374,262,1262,0.0,216.0,0.46458878822694355,varA
cardiovascular,4,contraindication,5010.0,p_B,0.19745266503654063,0.5200992366412214,262,1262,0.0,216.0,0.46458878822694355,varA
cardiovascular,4,contraindication,5010.0,fuse_rankavg,0.2940238061990569,0.6632919847328244,262,1262,0.0,216.0,0.46458878822694355,varA
cardiovascular,4,contraindication,465.0,p_A,0.046665039259347424,0.626242868785656,35,1262,0.0,11.0,0.4780946756835235,varA
cardiovascular,4,contraindication,465.0,p_B,0.03075515132113702,0.5229945278845034,35,1262,0.0,11.0,0.4780946756835235,varA
cardiovascular,4,contraindication,465.0,fuse_rankavg,0.03705372301715008,0.5858772848992898,35,1262,0.0,11.0,0.4780946756835235,varA
cardiovascular,4,contraindication,6659.0,p_A,0.04095766634180354,0.6661353021785944,29,1262,0.0,1.0,0.978069143266354,varA
cardiovascular,4,contraindication,6659.0,p_B,0.04454443319590069,0.6811533406046368,29,1262,0.0,1.0,0.978069143266354,varA
cardiovascular,4,contraindication,6659.0,fuse_rankavg,0.04270868416347694,0.6744273848477221,29,1262,0.0,1.0,0.978069143266354,varA
cardiovascular,4,contraindication,5279.0,p_A,0.612582790371798,0.9375620518477661,37,1262,0.0,11.0,0.33125941923945396,varA
cardiovascular,4,contraindication,5279.0,p_B,0.020261132007916408,0.3108880308880309,37,1262,0.0,11.0,0.33125941923945396,varA
cardiovascular,4,contraindication,5279.0,fuse_rankavg,0.04798978929810841,0.6543519029233316,37,1262,0.0,11.0,0.33125941923945396,varA
cardiovascular,4,contraindication,5267.0,p_A,0.15655414031129375,0.5212466515988615,176,1262,0.0,59.0,0.13917283267227565,varA
cardiovascular,4,contraindication,5267.0,p_B,0.17397627818890882,0.5273836430604386,176,1262,0.0,59.0,0.13917283267227565,varA
cardiovascular,4,contraindication,5267.0,fuse_rankavg,0.17895708785787628,0.535725870584296,176,1262,0.0,59.0,0.13917283267227565,varA
cardiovascular,4,contraindication,4995.0,p_A,0.16595671480832352,0.5703216557843629,176,1262,0.0,4.0,0.4054457872571416,varA
cardiovascular,4,contraindication,4995.0,p_B,0.1402374692902708,0.5236428511635695,176,1262,0.0,4.0,0.4054457872571416,varA
cardiovascular,4,contraindication,4995.0,fuse_rankavg,0.16057551775721354,0.5618250878955299,176,1262,0.0,4.0,0.4054457872571416,varA
cardiovascular,4,contraindication,11057.0,p_A,0.27770769222473657,0.8110568908147218,131,1262,0.0,30.0,-0.09731143617353935,varA
cardiovascular,4,contraindication,11057.0,p_B,0.08553244224109734,0.43372412443220554,131,1262,0.0,30.0,-0.09731143617353935,varA
cardiovascular,4,contraindication,11057.0,fuse_rankavg,0.1960135180642138,0.6740471514096154,131,1262,0.0,30.0,-0.09731143617353935,varA
cardiovascular,4,contraindication,2800.0,p_A,0.020757687010727676,0.30779713608822357,39,1262,0.0,4.0,0.9825758641609732,varA
cardiovascular,4,contraindication,2800.0,p_B,0.02046411799008488,0.296601463404407,39,1262,0.0,4.0,0.9825758641609732,varA
cardiovascular,4,contraindication,2800.0,fuse_rankavg,0.0205718474136192,0.3010671530704237,39,1262,0.0,4.0,0.9825758641609732,varA
cardiovascular,4,contraindication,5068.0,p_A,0.5815731736224691,0.8720794392523364,214,1262,0.0,83.0,0.2882823877577418,varA
cardiovascular,4,contraindication,5068.0,p_B,0.17674603270605924,0.5287106727545123,214,1262,0.0,83.0,0.2882823877577418,varA
cardiovascular,4,contraindication,5068.0,fuse_rankavg,0.36306389812435175,0.7483078583149032,214,1262,0.0,83.0,0.2882823877577418,varA
cardiovascular,4,contraindication,2679.0,p_A,0.2097922748541412,0.7723768072121391,109,1262,0.0,10.0,0.0918837332591093,varA
cardiovascular,4,contraindication,2679.0,p_B,0.06497126407380284,0.3875888189565315,109,1262,0.0,10.0,0.0918837332591093,varA
cardiovascular,4,contraindication,2679.0,fuse_rankavg,0.11585704785162292,0.6041718055014044,109,1262,0.0,10.0,0.0918837332591093,varA
cardiovascular,4,contraindication,6716.0,p_A,0.5866587093426808,0.8727661054433903,214,1262,0.0,87.0,0.16624023977605504,varA
cardiovascular,4,contraindication,6716.0,p_B,0.15950203657050188,0.4972711707212671,214,1262,0.0,87.0,0.16624023977605504,varA
cardiovascular,4,contraindication,6716.0,fuse_rankavg,0.361863021906322,0.7411914996076192,214,1262,0.0,87.0,0.16624023977605504,varA
cardiovascular,4,contraindication,2277.0,p_A,0.2950108653425641,0.8017563017563017,74,1262,0.0,97.0,0.4465487936492612,varA
cardiovascular,4,contraindication,2277.0,p_B,0.08655487618742543,0.6405496405496405,74,1262,0.0,97.0,0.4465487936492612,varA
cardiovascular,4,contraindication,2277.0,fuse_rankavg,0.21280007441706342,0.757063882063882,74,1262,0.0,97.0,0.4465487936492612,varA
cardiovascular,4,contraindication,4994.0,p_A,0.04231614187414394,0.8006843800322061,20,1262,0.0,35.0,0.22121996116194856,varA
cardiovascular,4,contraindication,4994.0,p_B,0.016316621135665905,0.4904991948470209,20,1262,0.0,35.0,0.22121996116194856,varA
cardiovascular,4,contraindication,4994.0,fuse_rankavg,0.046718088073770064,0.6830112721417069,20,1262,0.0,35.0,0.22121996116194856,varA
cardiovascular,4,contraindication,5311.0,p_A,0.29372761701101263,0.8190690690690691,74,1262,0.0,99.0,0.4079274862753593,varA
cardiovascular,4,contraindication,5311.0,p_B,0.07194392160668743,0.6131586131586131,74,1262,0.0,99.0,0.4079274862753593,varA
cardiovascular,4,contraindication,5311.0,fuse_rankavg,0.15405386066822968,0.7614432614432616,74,1262,0.0,99.0,0.4079274862753593,varA
cardiovascular,4,contraindication,6746.0,p_A,0.032445893103051716,0.7485909822866346,20,1262,0.0,28.0,0.24506484466764583,varA
cardiovascular,4,contraindication,6746.0,p_B,0.015730126170209247,0.4793075684380032,20,1262,0.0,28.0,0.24506484466764583,varA
cardiovascular,4,contraindication,6746.0,fuse_rankavg,0.04201094829974681,0.6361312399355877,20,1262,0.0,28.0,0.24506484466764583,varA
cardiovascular,4,contraindication,11479.0,p_A,0.10990047809208668,0.6916904885654885,78,1262,0.0,5.0,0.3529772938808083,varA
cardiovascular,4,contraindication,11479.0,p_B,0.06152408335474597,0.501591735966736,78,1262,0.0,5.0,0.3529772938808083,varA
cardiovascular,4,contraindication,11479.0,fuse_rankavg,0.08495966372538774,0.6164511867636867,78,1262,0.0,5.0,0.3529772938808083,varA
cardiovascular,4,contraindication,1823.0,p_A,0.06685700779274649,0.6149734021645136,31,1262,0.0,17.0,0.47758630803307517,varA
cardiovascular,4,contraindication,1823.0,p_B,0.02349660112751664,0.4944052828804276,31,1262,0.0,17.0,0.47758630803307517,varA
cardiovascular,4,contraindication,1823.0,fuse_rankavg,0.03682870651828865,0.5583711118681376,31,1262,0.0,17.0,0.47758630803307517,varA
cardiovascular,4,contraindication,8364.0,p_A,0.06232417554011231,0.6498941996514812,26,1262,0.0,5.0,0.12499163323018571,varA
cardiovascular,4,contraindication,8364.0,p_B,0.020699770928107795,0.5196975354742346,26,1262,0.0,5.0,0.12499163323018571,varA
cardiovascular,4,contraindication,8364.0,fuse_rankavg,0.03255187154459575,0.6064849390092109,26,1262,0.0,5.0,0.12499163323018571,varA
cardiovascular,4,contraindication,1370.0,p_A,0.007251134621506767,0.43162939297124603,10,1262,0.0,3.0,0.9794000708865634,varA
cardiovascular,4,contraindication,1370.0,p_B,0.007108615163323107,0.41677316293929717,10,1262,0.0,3.0,0.9794000708865634,varA
cardiovascular,4,contraindication,1370.0,fuse_rankavg,0.007157477204829365,0.42340255591054315,10,1262,0.0,3.0,0.9794000708865634,varA
cardiovascular,4,contraindication,5904.0,p_A,0.0143311473961419,0.5869468830362685,9,1262,0.0,8.0,-0.11970375709235054,varA
cardiovascular,4,contraindication,5904.0,p_B,0.007077807448776436,0.42839407643876914,9,1262,0.0,8.0,-0.11970375709235054,varA
cardiovascular,4,contraindication,5904.0,fuse_rankavg,0.013035953082387124,0.5242529041411723,9,1262,0.0,8.0,-0.11970375709235054,varA
cardiovascular,4,contraindication,18882.0,p_A,0.026623376623376622,0.8178448504103786,3,1262,0.0,21.0,0.008545374341267068,varA
cardiovascular,4,contraindication,18882.0,p_B,0.0026587639418751757,0.41726237754831874,3,1262,0.0,21.0,0.008545374341267068,varA
cardiovascular,4,contraindication,18882.0,fuse_rankavg,0.006533464556812401,0.6577971935398463,3,1262,0.0,21.0,0.008545374341267068,varA
cardiovascular,4,contraindication,5291.0,p_A,0.0029751630655695956,0.4665078104315594,3,1262,0.0,2.0,0.9805479520019215,varA
cardiovascular,4,contraindication,5291.0,p_B,0.003297843562343819,0.5019857029388404,3,1262,0.0,2.0,0.9805479520019215,varA
cardiovascular,4,contraindication,5291.0,fuse_rankavg,0.0031491489923597482,0.48689436060365365,3,1262,0.0,2.0,0.9805479520019215,varA
cardiovascular,4,contraindication,6981.0,p_A,0.02625225331101322,0.7776666666666667,12,1262,0.0,51.0,0.11054301358525796,varA
cardiovascular,4,contraindication,6981.0,p_B,0.00851921080395761,0.4210666666666667,12,1262,0.0,51.0,0.11054301358525796,varA
cardiovascular,4,contraindication,6981.0,fuse_rankavg,0.015240275240967542,0.6425000000000001,12,1262,0.0,51.0,0.11054301358525796,varA
cardiovascular,4,contraindication,5783.0,p_A,0.011529781881958717,0.6382587859424921,10,1262,0.0,3.0,0.4810809983022868,varA
cardiovascular,4,contraindication,5783.0,p_B,0.007406418579963691,0.4423322683706071,10,1262,0.0,3.0,0.4810809983022868,varA
cardiovascular,4,contraindication,5783.0,fuse_rankavg,0.009214657493228825,0.5456070287539936,10,1262,0.0,3.0,0.4810809983022868,varA
cardiovascular,4,contraindication,4745.0,p_A,0.054668266626097556,0.8465116279069768,15,1262,0.0,2.0,-0.09952248439344806,varA
cardiovascular,4,contraindication,4745.0,p_B,0.007644940047824306,0.22699812884255546,15,1262,0.0,2.0,-0.09952248439344806,varA
cardiovascular,4,contraindication,4745.0,fuse_rankavg,0.01263107699793756,0.5417802726543706,15,1262,0.0,2.0,-0.09952248439344806,varA
cardiovascular,4,contraindication,2869.0,p_A,0.06693173352902507,0.6889571544058206,25,1262,0.0,5.0,-0.37117775844837436,varA
cardiovascular,4,contraindication,2869.0,p_B,0.013598316927227795,0.30942603071948266,25,1262,0.0,5.0,-0.37117775844837436,varA
cardiovascular,4,contraindication,2869.0,fuse_rankavg,0.023349538141358966,0.5218270008084074,25,1262,0.0,5.0,-0.37117775844837436,varA
cardiovascular,4,contraindication,4596.0,p_A,0.5878561826053871,0.9572825007991655,49,1262,0.0,2.0,-0.11727801924564528,varA
cardiovascular,4,contraindication,4596.0,p_B,0.035009384305438075,0.48442889109477266,49,1262,0.0,2.0,-0.11727801924564528,varA
cardiovascular,4,contraindication,4596.0,fuse_rankavg,0.14771342308897972,0.8337988121876946,49,1262,0.0,2.0,-0.11727801924564528,varA
cardiovascular,4,contraindication,5264.0,p_A,0.041663413192798246,0.6668988269794722,22,1262,0.0,50.0,0.0032312165010164153,varA
cardiovascular,4,contraindication,5264.0,p_B,0.015724274066839912,0.4495967741935484,22,1262,0.0,50.0,0.0032312165010164153,varA
cardiovascular,4,contraindication,5264.0,fuse_rankavg,0.023480040079735108,0.5830828445747801,22,1262,0.0,50.0,0.0032312165010164153,varA
cardiovascular,4,contraindication,1613.0,p_A,0.012790526655466337,0.4577974276527331,18,1262,0.0,10.0,0.14647076350166488,varA
cardiovascular,4,contraindication,1613.0,p_B,0.010163783611175271,0.3198463737048946,18,1262,0.0,10.0,0.14647076350166488,varA
cardiovascular,4,contraindication,1613.0,fuse_rankavg,0.010393519571177134,0.3323731689889246,18,1262,0.0,10.0,0.14647076350166488,varA
cardiovascular,4,contraindication,8504.0,p_A,0.10092273024592766,0.7898971080154127,19,1262,0.0,4.0,0.3571056705041713,varA
cardiovascular,4,contraindication,8504.0,p_B,0.03476097733680133,0.70893847652115,19,1262,0.0,4.0,0.3571056705041713,varA
cardiovascular,4,contraindication,8504.0,fuse_rankavg,0.09217896112444736,0.7877376466104924,19,1262,0.0,4.0,0.3571056705041713,varA
cardiovascular,4,contraindication,8685.0,p_A,0.0381920598298551,0.7992515370221867,15,1262,0.0,2.0,0.019567055820347786,varA
cardiovascular,4,contraindication,8685.0,p_B,0.01470112313944458,0.5956696070569367,15,1262,0.0,2.0,0.019567055820347786,varA
cardiovascular,4,contraindication,8685.0,fuse_rankavg,0.03245923867587939,0.7918738305265972,15,1262,0.0,2.0,0.019567055820347786,varA
cardiovascular,4,contraindication,4978.0,p_A,0.013290245431845074,0.4494220265063302,19,1262,0.0,3.0,0.9794144595514479,varA
cardiovascular,4,contraindication,4978.0,p_B,0.013281595915122369,0.45361392217470464,19,1262,0.0,3.0,0.9794144595514479,varA
cardiovascular,4,contraindication,4978.0,fuse_rankavg,0.013225418381533079,0.44993013507219376,19,1262,0.0,3.0,0.9794144595514479,varA
cardiovascular,4,contraindication,6945.0,p_A,0.043545327559723214,0.7562937533656435,24,1262,0.0,1.0,0.2097368214681029,varA
cardiovascular,4,contraindication,6945.0,p_B,0.015182153032375644,0.4055263866451265,24,1262,0.0,1.0,0.2097368214681029,varA
cardiovascular,4,contraindication,6945.0,fuse_rankavg,0.023961094693556277,0.6150545234248788,24,1262,0.0,1.0,0.2097368214681029,varA
cardiovascular,4,contraindication,4981.0,p_A,0.015534794626209774,0.6229395604395604,14,1262,0.0,132.0,0.4007799074295393,varA
cardiovascular,4,contraindication,4981.0,p_B,0.008430866832411852,0.3498740842490843,14,1262,0.0,132.0,0.4007799074295393,varA
cardiovascular,4,contraindication,4981.0,fuse_rankavg,0.010434977706374457,0.4753891941391942,14,1262,0.0,132.0,0.4007799074295393,varA
cardiovascular,4,contraindication,831.0,p_A,0.0076023342413442194,0.552680467091295,6,1262,0.0,9.0,0.021005659611175884,varA
cardiovascular,4,contraindication,831.0,p_B,0.005202290677314786,0.48434182590233543,6,1262,0.0,9.0,0.021005659611175884,varA
cardiovascular,4,contraindication,831.0,fuse_rankavg,0.006449367483615955,0.5437898089171973,6,1262,0.0,9.0,0.021005659611175884,varA
cardiovascular,4,contraindication,5453.0,p_A,0.004135815611225447,0.6599206349206349,2,1262,0.0,19.0,0.10226417582757434,varA
cardiovascular,4,contraindication,5453.0,p_B,0.0015328569100770502,0.2424603174603175,2,1262,0.0,19.0,0.10226417582757434,varA
cardiovascular,4,contraindication,5453.0,fuse_rankavg,0.002296104636223245,0.4307539682539683,2,1262,0.0,19.0,0.10226417582757434,varA
cardiovascular,4,contraindication,4496.0,p_A,0.030763691526538406,0.81877990430622,8,1262,0.0,12.0,0.27531803949604927,varA
cardiovascular,4,contraindication,4496.0,p_B,0.005617520515933356,0.4032097288676236,8,1262,0.0,12.0,0.27531803949604927,varA
cardiovascular,4,contraindication,4496.0,fuse_rankavg,0.00980285817897926,0.6486244019138756,8,1262,0.0,12.0,0.27531803949604927,varA
cardiovascular,4,contraindication,5299.0,p_A,0.02497256878061023,0.7648310720936419,9,1262,0.0,56.0,0.034519992250599416,varA
cardiovascular,4,contraindication,5299.0,p_B,0.008582467214966036,0.5711625432295824,9,1262,0.0,56.0,0.034519992250599416,varA
cardiovascular,4,contraindication,5299.0,fuse_rankavg,0.016357057662578674,0.7538795779019243,9,1262,0.0,56.0,0.034519992250599416,varA
cardiovascular,4,contraindication,6021.0,p_A,0.007348416602936483,0.3522,12,1262,0.0,1.0,0.9792313234905908,varA
cardiovascular,4,contraindication,6021.0,p_B,0.007243309681397425,0.34206666666666663,12,1262,0.0,1.0,0.9792313234905908,varA
cardiovascular,4,contraindication,6021.0,fuse_rankavg,0.0072815946519273166,0.34573333333333334,12,1262,0.0,1.0,0.9792313234905908,varA
cardiovascular,4,contraindication,1632.0,p_A,0.011341816914991077,0.48887115367562295,9,1262,0.0,1.0,0.9792160273248507,varA
cardiovascular,4,contraindication,1632.0,p_B,0.012571077159290196,0.49765008424226304,9,1262,0.0,1.0,0.9792160273248507,varA
cardiovascular,4,contraindication,1632.0,fuse_rankavg,0.011986156519162782,0.49250687239514057,9,1262,0.0,1.0,0.9792160273248507,varA
cardiovascular,4,contraindication,991.0,p_A,0.000792393026941363,0.5,1,1262,0.0,0.0,,varA
cardiovascular,4,contraindication,991.0,p_B,0.000792393026941363,0.5,1,1262,0.0,0.0,,varA
cardiovascular,4,contraindication,991.0,fuse_rankavg,0.000792393026941363,0.5,1,1262,0.0,0.0,,varA
cardiovascular,4,contraindication,6786.0,p_A,0.02985282901911019,0.9211049284578696,4,1262,0.0,3.0,0.21359143732343844,varA
cardiovascular,4,contraindication,6786.0,p_B,0.003898034084656507,0.484697933227345,4,1262,0.0,3.0,0.21359143732343844,varA
cardiovascular,4,contraindication,6786.0,fuse_rankavg,0.012285539938443729,0.7727543720190779,4,1262,0.0,3.0,0.21359143732343844,varA
cardiovascular,4,contraindication,8585.0,p_A,0.009905301798349746,0.5824980111376293,5,1262,0.0,5.0,0.11919673278198477,varA
cardiovascular,4,contraindication,8585.0,p_B,0.00479178751706328,0.3936356404136834,5,1262,0.0,5.0,0.11919673278198477,varA
cardiovascular,4,contraindication,8585.0,fuse_rankavg,0.007162984106000621,0.4651551312649165,5,1262,0.0,5.0,0.11919673278198477,varA
cardiovascular,4,contraindication,4717.0,p_A,0.002377179080824089,0.5,3,1262,0.0,0.0,,varA
cardiovascular,4,contraindication,4717.0,p_B,0.002377179080824089,0.5,3,1262,0.0,0.0,,varA
cardiovascular,4,contraindication,4717.0,fuse_rankavg,0.002377179080824089,0.5,3,1262,0.0,0.0,,varA
cardiovascular,4,contraindication,565.0,p_A,0.013759752308303428,0.7321570972886763,8,1262,0.0,4.0,0.16124678796191758,varA
cardiovascular,4,contraindication,565.0,p_B,0.006532394048961286,0.4911283891547049,8,1262,0.0,4.0,0.16124678796191758,varA
cardiovascular,4,contraindication,565.0,fuse_rankavg,0.01040553956561368,0.6655701754385965,8,1262,0.0,4.0,0.16124678796191758,varA
cardiovascular,4,contraindication,6805.0,p_A,0.0029239766081871343,0.7295796986518637,1,1262,0.0,4.0,0.4732118852401881,varA
cardiovascular,4,contraindication,6805.0,p_B,0.0013477088948787063,0.41237113402061853,1,1262,0.0,4.0,0.4732118852401881,varA
cardiovascular,4,contraindication,6805.0,fuse_rankavg,0.0019157088122605363,0.5868358445678034,1,1262,0.0,4.0,0.4732118852401881,varA
cardiovascular,4,contraindication,5356.0,p_A,0.0016781321659370442,0.30436507936507934,2,1262,0.0,5.0,0.4986761980526284,varA
cardiovascular,4,contraindication,5356.0,p_B,0.001394346503179721,0.15158730158730155,2,1262,0.0,5.0,0.4986761980526284,varA
cardiovascular,4,contraindication,5356.0,fuse_rankavg,0.0014103996297983412,0.16646825396825393,2,1262,0.0,5.0,0.4986761980526284,varA
cardiovascular,4,contraindication,5201.0,p_A,0.01792629178660529,0.6796399258670902,3,1262,0.0,9.0,0.34595650656762916,varA
cardiovascular,4,contraindication,5201.0,p_B,0.005921919039003557,0.676727561556791,3,1262,0.0,9.0,0.34595650656762916,varA
cardiovascular,4,contraindication,5201.0,fuse_rankavg,0.008409242451795643,0.7167063807254435,3,1262,0.0,9.0,0.34595650656762916,varA
cardiovascular,4,contraindication,6711.0,p_A,0.003634977402542811,0.4755564387917329,4,1262,0.0,1.0,0.9813282475074846,varA
cardiovascular,4,contraindication,6711.0,p_B,0.0034991104641759665,0.462241653418124,4,1262,0.0,1.0,0.9813282475074846,varA
cardiovascular,4,contraindication,6711.0,fuse_rankavg,0.0035518737190276817,0.4679054054054054,4,1262,0.0,1.0,0.9813282475074846,varA
cardiovascular,4,contraindication,1297.0,p_A,0.0036189075131307247,0.4564785373608903,4,1262,0.0,1.0,0.6896777598795125,varA
cardiovascular,4,contraindication,1297.0,p_B,0.012454707056572964,0.6798489666136724,4,1262,0.0,1.0,0.6896777598795125,varA
cardiovascular,4,contraindication,1297.0,fuse_rankavg,0.004918468975919059,0.5748211446740858,4,1262,0.0,1.0,0.6896777598795125,varA
cardiovascular,4,contraindication,5081.0,p_A,0.0137358400138251,0.3523100115278886,9,1262,0.0,4.0,0.2563826580049292,varA
cardiovascular,4,contraindication,5081.0,p_B,0.009085684647153676,0.5041234370843309,9,1262,0.0,4.0,0.2563826580049292,varA
cardiovascular,4,contraindication,5081.0,fuse_rankavg,0.006246596663677429,0.40888534184623565,9,1262,0.0,4.0,0.2563826580049292,varA
cardiovascular,4,contraindication,1072.0,p_A,0.006339144215530904,0.5,8,1262,0.0,0.0,,varA
cardiovascular,4,contraindication,1072.0,p_B,0.006339144215530904,0.5,8,1262,0.0,0.0,,varA
cardiovascular,4,contraindication,1072.0,fuse_rankavg,0.006339144215530904,0.5,8,1262,0.0,0.0,,varA
cardiovascular,4,contraindication,17991.0,p_A,0.7,0.9988095238095238,2,1262,0.0,13.0,0.534129157850251,varA
cardiovascular,4,contraindication,17991.0,p_B,0.2696078431372549,0.9801587301587302,2,1262,0.0,13.0,0.534129157850251,varA
cardiovascular,4,contraindication,17991.0,fuse_rankavg,0.6,0.9968253968253968,2,1262,0.0,13.0,0.534129157850251,varA
cardiovascular,4,contraindication,10771.0,p_A,0.025787594284474604,0.7763232783153102,7,1262,0.0,5.0,0.36386203825707175,varA
cardiovascular,4,contraindication,10771.0,p_B,0.011184105913791506,0.7026750142287991,7,1262,0.0,5.0,0.36386203825707175,varA
cardiovascular,4,contraindication,10771.0,fuse_rankavg,0.016576395541546222,0.7996015936254981,7,1262,0.0,5.0,0.36386203825707175,varA
cardiovascular,4,contraindication,24573.0,p_A,0.014425354482247748,0.6573556797020483,9,1262,0.0,15.0,0.4444942355933716,varA
cardiovascular,4,contraindication,24573.0,p_B,0.009276115953589988,0.5688569655050102,9,1262,0.0,15.0,0.4444942355933716,varA
cardiovascular,4,contraindication,24573.0,fuse_rankavg,0.011522941031636346,0.6358960716502616,9,1262,0.0,15.0,0.4444942355933716,varA
cardiovascular,4,contraindication,745.0,p_A,0.0031545741324921135,0.7494052339413164,1,1262,0.0,6.0,0.4100823703301431,varA
cardiovascular,4,contraindication,745.0,p_B,0.002403846153846154,0.6708961141950833,1,1262,0.0,6.0,0.4100823703301431,varA
cardiovascular,4,contraindication,745.0,fuse_rankavg,0.003424657534246575,0.7692307692307692,1,1262,0.0,6.0,0.4100823703301431,varA
cardiovascular,4,contraindication,8889.0,p_A,0.00338585510342654,0.4330286168521462,4,1262,0.0,2.0,0.31213969566660277,varA
cardiovascular,4,contraindication,8889.0,p_B,0.0031612730753781066,0.3738076311605723,4,1262,0.0,2.0,0.31213969566660277,varA
cardiovascular,4,contraindication,8889.0,fuse_rankavg,0.002949059427075904,0.3633744038155803,4,1262,0.0,2.0,0.31213969566660277,varA
cardiovascular,4,contraindication,5852.0,p_A,0.0022440832958233637,0.31850675138999207,3,1262,0.0,1.0,0.9803011714731524,varA
cardiovascular,4,contraindication,5852.0,p_B,0.002490262298772937,0.3471008737092931,3,1262,0.0,1.0,0.9803011714731524,varA
cardiovascular,4,contraindication,5852.0,fuse_rankavg,0.0023405420119873956,0.3312152501985703,3,1262,0.0,1.0,0.9803011714731524,varA
cardiovascular,4,contraindication,6686.0,p_A,0.00381204224488814,0.5493778130791633,3,1262,0.0,11.0,0.11130914133075029,varA
cardiovascular,4,contraindication,6686.0,p_B,0.0032112045745936466,0.5176065660577178,3,1262,0.0,11.0,0.11130914133075029,varA
cardiovascular,4,contraindication,6686.0,fuse_rankavg,0.004249192393584655,0.5649986761980407,3,1262,0.0,11.0,0.11130914133075029,varA
cardiovascular,4,contraindication,944.0,p_A,0.0035363104328621576,0.5321683876092137,3,1262,0.0,13.0,0.012235875831314816,varA
cardiovascular,4,contraindication,944.0,p_B,0.0034566864817657584,0.5469949695525549,3,1262,0.0,13.0,0.012235875831314816,varA
cardiovascular,4,contraindication,944.0,fuse_rankavg,0.004497075572297043,0.5714853057982525,3,1262,0.0,13.0,0.012235875831314816,varA
cardiovascular,4,contraindication,4910.0,p_A,0.005701754385964913,0.7940476190476191,2,1262,0.0,3.0,0.41625826590736303,varA
cardiovascular,4,contraindication,4910.0,p_B,0.001639715386385999,0.2920634920634921,2,1262,0.0,3.0,0.41625826590736303,varA
cardiovascular,4,contraindication,4910.0,fuse_rankavg,0.002552389470994122,0.5478174603174604,2,1262,0.0,3.0,0.41625826590736303,varA
cardiovascular,4,contraindication,1298.0,p_A,0.006686014064069651,0.8250000000000001,2,1262,0.0,1.0,0.5932135593404511,varA
cardiovascular,4,contraindication,1298.0,p_B,0.007439982298926872,0.8424603174603176,2,1262,0.0,1.0,0.5932135593404511,varA
cardiovascular,4,contraindication,1298.0,fuse_rankavg,0.00993465206640763,0.8819444444444444,2,1262,0.0,1.0,0.5932135593404511,varA
cardiovascular,4,contraindication,1641.0,p_A,0.0038965781059546217,0.5157532433148001,3,1262,0.0,2.0,0.1626460289031261,varA
cardiovascular,4,contraindication,1641.0,p_B,0.003225025730489846,0.34948371723590144,3,1262,0.0,2.0,0.1626460289031261,varA
cardiovascular,4,contraindication,1641.0,fuse_rankavg,0.0058736342525833925,0.39025681758009007,3,1262,0.0,2.0,0.1626460289031261,varA
cardiovascular,4,contraindication,5385.0,p_A,0.003787878787878788,0.7914353687549563,1,1262,0.0,30.0,0.00647744258855544,varA
cardiovascular,4,contraindication,5385.0,p_B,0.000946073793755913,0.16256938937351306,1,1262,0.0,30.0,0.00647744258855544,varA
cardiovascular,4,contraindication,5385.0,fuse_rankavg,0.00141643059490085,0.4409199048374306,1,1262,0.0,30.0,0.00647744258855544,varA
cardiovascular,4,contraindication,1956.0,p_A,0.0013513513513513514,0.41395717684377475,1,1262,0.0,2.0,0.002064695795712721,varA
cardiovascular,4,contraindication,1956.0,p_B,0.001838235294117647,0.5693893735130848,1,1262,0.0,2.0,0.002064695795712721,varA
cardiovascular,4,contraindication,1956.0,fuse_rankavg,0.0015290519877675841,0.4825535289452815,1,1262,0.0,2.0,0.002064695795712721,varA
cardiovascular,4,contraindication,1221.0,p_A,0.0050659501158849835,0.5419645221074927,3,1262,0.0,3.0,0.3279397333457995,varA
cardiovascular,4,contraindication,1221.0,p_B,0.0022128193598672683,0.3116229812020122,3,1262,0.0,3.0,0.3279397333457995,varA
cardiovascular,4,contraindication,1221.0,fuse_rankavg,0.002707707703450128,0.4142176330420969,3,1262,0.0,3.0,0.3279397333457995,varA
cardiovascular,4,contraindication,945.0,p_A,0.001466275659824047,0.45995241871530534,1,1262,0.0,4.0,-0.15779913847719743,varA
cardiovascular,4,contraindication,945.0,p_B,0.0012755102040816326,0.3790642347343378,1,1262,0.0,4.0,-0.15779913847719743,varA
cardiovascular,4,contraindication,945.0,fuse_rankavg,0.0011574074074074073,0.31601903251387786,1,1262,0.0,4.0,-0.15779913847719743,varA
cardiovascular,4,contraindication,1954.0,p_A,0.003048780487804878,0.7406819984139572,1,1262,0.0,1.0,0.9828949820605887,varA
cardiovascular,4,contraindication,1954.0,p_B,0.0034965034965034965,0.7739888977002379,1,1262,0.0,1.0,0.9828949820605887,varA
cardiovascular,4,contraindication,1954.0,fuse_rankavg,0.0033003300330033004,0.760904044409199,1,1262,0.0,1.0,0.9828949820605887,varA
cardiovascular,4,contraindication,6936.0,p_A,0.003331141792680254,0.6257936507936508,2,1262,0.0,2.0,0.9828942118789412,varA
cardiovascular,4,contraindication,6936.0,p_B,0.0031921392933509825,0.6313492063492063,2,1262,0.0,2.0,0.9828942118789412,varA
cardiovascular,4,contraindication,6936.0,fuse_rankavg,0.003247316690944851,0.6277777777777778,2,1262,0.0,2.0,0.9828942118789412,varA
cardiovascular,4,contraindication,1612.0,p_A,0.0009115770282588879,0.13084853291038856,1,1262,0.0,9.0,0.3242043165337909,varA
cardiovascular,4,contraindication,1612.0,p_B,0.0015527950310559005,0.4900872323552736,1,1262,0.0,9.0,0.3242043165337909,varA
cardiovascular,4,contraindication,1612.0,fuse_rankavg,0.0010245901639344263,0.22680412371134018,1,1262,0.0,9.0,0.3242043165337909,varA
cardiovascular,4,contraindication,6690.0,p_A,0.0009765625,0.1887390959555908,1,1262,0.0,8.0,0.5710009892654887,varA
cardiovascular,4,contraindication,6690.0,p_B,0.001095290251916758,0.2767644726407613,1,1262,0.0,8.0,0.5710009892654887,varA
cardiovascular,4,contraindication,6690.0,fuse_rankavg,0.0009718172983479105,0.18477398889770025,1,1262,0.0,8.0,0.5710009892654887,varA
cardiovascular,4,contraindication,4625.0,p_A,0.0015235157580731993,0.24007936507936511,2,1262,0.0,3.0,-0.29711774787351164,varA
cardiovascular,4,contraindication,4625.0,p_B,0.01457142857142857,0.8357142857142856,2,1262,0.0,3.0,-0.29711774787351164,varA
cardiovascular,4,contraindication,4625.0,fuse_rankavg,0.002631137438617548,0.5589285714285713,2,1262,0.0,3.0,-0.29711774787351164,varA
cardiovascular,4,off-label use,17991.0,p_A,0.5499104905119943,0.9917933130699088,7,477,0.0,13.0,0.4895465759274896,varA
cardiovascular,4,off-label use,17991.0,p_B,0.016036068546332563,0.5021276595744681,7,477,0.0,13.0,0.4895465759274896,varA
cardiovascular,4,off-label use,17991.0,fuse_rankavg,0.03707283606747119,0.7928571428571429,7,477,0.0,13.0,0.4895465759274896,varA
cardiovascular,4,off-label use,5267.0,p_A,0.03623000099338065,0.7875379939209727,7,477,0.0,59.0,-0.054955600181883765,varA
cardiovascular,4,off-label use,5267.0,p_B,0.014709000243130413,0.45258358662613984,7,477,0.0,59.0,-0.054955600181883765,varA
cardiovascular,4,off-label use,5267.0,fuse_rankavg,0.02791695217796895,0.7224924012158056,7,477,0.0,59.0,-0.054955600181883765,varA
cardiovascular,4,off-label use,5904.0,p_A,0.0935216016098369,0.9099147121535182,8,477,0.0,8.0,-0.0669969690645563,varA
cardiovascular,4,off-label use,5904.0,p_B,0.015567953772120221,0.42190831556503194,8,477,0.0,8.0,-0.0669969690645563,varA
cardiovascular,4,off-label use,5904.0,fuse_rankavg,0.03997157168746472,0.7558635394456289,8,477,0.0,8.0,-0.0669969690645563,varA
cardiovascular,4,off-label use,4496.0,p_A,0.10872600423568637,0.935258358662614,7,477,0.0,12.0,-0.05470748639672498,varA
cardiovascular,4,off-label use,4496.0,p_B,0.011558221916942137,0.29331306990881456,7,477,0.0,12.0,-0.05470748639672498,varA
cardiovascular,4,off-label use,4496.0,fuse_rankavg,0.026571732016383656,0.7037993920972645,7,477,0.0,12.0,-0.05470748639672498,varA
cardiovascular,4,off-label use,18882.0,p_A,0.39099858474858473,0.9754797441364604,8,477,0.0,21.0,-0.09297671583701775,varA
cardiovascular,4,off-label use,18882.0,p_B,0.018901291863146173,0.4853411513859275,8,477,0.0,21.0,-0.09297671583701775,varA
cardiovascular,4,off-label use,18882.0,fuse_rankavg,0.0772400690988053,0.8583422174840085,8,477,0.0,21.0,-0.09297671583701775,varA
cardiovascular,4,off-label use,1221.0,p_A,0.004651162790697674,0.5504201680672269,1,477,0.0,3.0,0.2213602307546656,varA
cardiovascular,4,off-label use,1221.0,p_B,0.006289308176100629,0.6680672268907563,1,477,0.0,3.0,0.2213602307546656,varA
cardiovascular,4,off-label use,1221.0,fuse_rankavg,0.006134969325153374,0.6607142857142857,1,477,0.0,3.0,0.2213602307546656,varA
cardiovascular,4,off-label use,11057.0,p_A,0.015079365079365081,0.7978947368421052,2,477,0.0,30.0,0.35955784000586005,varA
cardiovascular,4,off-label use,11057.0,p_B,0.009952380952380952,0.6947368421052631,2,477,0.0,30.0,0.35955784000586005,varA
cardiovascular,4,off-label use,11057.0,fuse_rankavg,0.018131868131868133,0.8336842105263158,2,477,0.0,30.0,0.35955784000586005,varA
cardiovascular,4,off-label use,2679.0,p_A,0.019044437019712663,0.8400000000000001,2,477,0.0,10.0,0.5147752367184076,varA
cardiovascular,4,off-label use,2679.0,p_B,0.008916271238328485,0.6589473684210526,2,477,0.0,10.0,0.5147752367184076,varA
cardiovascular,4,off-label use,2679.0,fuse_rankavg,0.01706603510727222,0.8236842105263158,2,477,0.0,10.0,0.5147752367184076,varA
cardiovascular,4,off-label use,11479.0,p_A,0.06398125776343488,0.8814589665653495,7,477,0.0,5.0,-0.12710983098354062,varA
cardiovascular,4,off-label use,11479.0,p_B,0.026560339168745735,0.6832826747720364,7,477,0.0,5.0,-0.12710983098354062,varA
cardiovascular,4,off-label use,11479.0,fuse_rankavg,0.2251480289804255,0.9097264437689969,7,477,0.0,5.0,-0.12710983098354062,varA
cardiovascular,4,off-label use,4981.0,p_A,0.09258792891467975,0.6142439431913116,21,477,0.0,132.0,0.32666009710603017,varA
cardiovascular,4,off-label use,4981.0,p_B,0.025995567397504804,0.17418546365914783,21,477,0.0,132.0,0.32666009710603017,varA
cardiovascular,4,off-label use,4981.0,fuse_rankavg,0.035777873703008646,0.37458228905597324,21,477,0.0,132.0,0.32666009710603017,varA
cardiovascular,4,off-label use,4910.0,p_A,0.050512736749273625,0.8481953290870489,6,477,0.0,3.0,0.21912632214711295,varA
cardiovascular,4,off-label use,4910.0,p_B,0.01958966849480023,0.6341118188251946,6,477,0.0,3.0,0.21912632214711295,varA
cardiovascular,4,off-label use,4910.0,fuse_rankavg,0.0953463589916443,0.8151096956829441,6,477,0.0,3.0,0.21912632214711295,varA
cardiovascular,4,off-label use,6727.0,p_A,0.1438031086850791,0.7466583124477861,21,477,0.0,29.0,0.35284185095758486,varA
cardiovascular,4,off-label use,6727.0,p_B,0.03789404081072731,0.4453842940685046,21,477,0.0,29.0,0.35284185095758486,varA
cardiovascular,4,off-label use,6727.0,fuse_rankavg,0.07398285630902685,0.5990497076023391,21,477,0.0,29.0,0.35284185095758486,varA
cardiovascular,4,off-label use,1298.0,p_A,0.04877757160137312,0.8474876150035386,6,477,0.0,1.0,0.3816945872993715,varA
cardiovascular,4,off-label use,1298.0,p_B,0.022141662702469336,0.6889596602972399,6,477,0.0,1.0,0.3816945872993715,varA
cardiovascular,4,off-label use,1298.0,fuse_rankavg,0.07602350689057297,0.8347487615003538,6,477,0.0,1.0,0.3816945872993715,varA
cardiovascular,4,off-label use,5044.0,p_A,0.016865079365079364,0.8115789473684211,2,477,0.0,19.0,0.33382034693361373,varA
cardiovascular,4,off-label use,5044.0,p_B,0.005118940078289672,0.4031578947368421,2,477,0.0,19.0,0.33382034693361373,varA
cardiovascular,4,off-label use,5044.0,fuse_rankavg,0.00847457627118644,0.6310526315789473,2,477,0.0,19.0,0.33382034693361373,varA
cardiovascular,4,off-label use,6981.0,p_A,0.007857169053321856,0.24279661016949153,5,477,0.0,51.0,0.25603534847465026,varA
cardiovascular,4,off-label use,6981.0,p_B,0.009694753832742847,0.3677966101694915,5,477,0.0,51.0,0.25603534847465026,varA
cardiovascular,4,off-label use,6981.0,fuse_rankavg,0.007941783621501039,0.23728813559322037,5,477,0.0,51.0,0.25603534847465026,varA
cardiovascular,4,off-label use,8364.0,p_A,0.010432144026993852,0.5243128964059196,4,477,0.0,5.0,0.6309404745286707,varA
cardiovascular,4,off-label use,8364.0,p_B,0.006446559322962506,0.21564482029598311,4,477,0.0,5.0,0.6309404745286707,varA
cardiovascular,4,off-label use,8364.0,fuse_rankavg,0.0075857352258214324,0.3382663847780127,4,477,0.0,5.0,0.6309404745286707,varA
cardiovascular,4,off-label use,5068.0,p_A,0.08314826197091954,0.8646723646723646,9,477,0.0,83.0,0.37202599998065056,varA
cardiovascular,4,off-label use,5068.0,p_B,0.04934791111377686,0.6745014245014245,9,477,0.0,83.0,0.37202599998065056,varA
cardiovascular,4,off-label use,5068.0,fuse_rankavg,0.10065137117175184,0.8225308641975309,9,477,0.0,83.0,0.37202599998065056,varA
cardiovascular,4,off-label use,6716.0,p_A,0.07880321802444575,0.868945868945869,9,477,0.0,87.0,0.5470028291494998,varA
cardiovascular,4,off-label use,6716.0,p_B,0.0922192337747331,0.8392687559354226,9,477,0.0,87.0,0.5470028291494998,varA
cardiovascular,4,off-label use,6716.0,fuse_rankavg,0.11753789612437927,0.8957739791073125,9,477,0.0,87.0,0.5470028291494998,varA
cardiovascular,4,off-label use,745.0,p_A,0.006211180124223602,0.6638655462184874,1,477,0.0,6.0,0.05313156581746111,varA
cardiovascular,4,off-label use,745.0,p_B,0.017241379310344827,0.8802521008403361,1,477,0.0,6.0,0.05313156581746111,varA
cardiovascular,4,off-label use,745.0,fuse_rankavg,0.018867924528301886,0.8918067226890756,1,477,0.0,6.0,0.05313156581746111,varA
cardiovascular,4,off-label use,4745.0,p_A,0.019414734018143955,0.771448663853727,3,477,0.0,2.0,0.9131114148649898,varA
cardiovascular,4,off-label use,4745.0,p_B,0.008109243697478992,0.5007032348804501,3,477,0.0,2.0,0.9131114148649898,varA
cardiovascular,4,off-label use,4745.0,fuse_rankavg,0.011273316216458478,0.6427566807313643,3,477,0.0,2.0,0.9131114148649898,varA
cardiovascular,4,off-label use,6021.0,p_A,0.0037908540238301273,0.18526315789473685,2,477,0.0,1.0,0.9351446708470448,varA
cardiovascular,4,off-label use,6021.0,p_B,0.004764586618607795,0.35473684210526313,2,477,0.0,1.0,0.9351446708470448,varA
cardiovascular,4,off-label use,6021.0,fuse_rankavg,0.004181464569592423,0.27052631578947367,2,477,0.0,1.0,0.9351446708470448,varA
cardiovascular,4,off-label use,5264.0,p_A,0.0122992700729927,0.7536842105263157,2,477,0.0,50.0,0.36352931908300723,varA
cardiovascular,4,off-label use,5264.0,p_B,0.004245108896271687,0.27894736842105267,2,477,0.0,50.0,0.36352931908300723,varA
cardiovascular,4,off-label use,5264.0,fuse_rankavg,0.0062776417266712965,0.5110526315789474,2,477,0.0,50.0,0.36352931908300723,varA
cardiovascular,4,off-label use,5299.0,p_A,0.006944444444444444,0.6995798319327731,1,477,0.0,56.0,0.6069887594172532,varA
cardiovascular,4,off-label use,5299.0,p_B,0.0028328611898017,0.26050420168067223,1,477,0.0,56.0,0.6069887594172532,varA
cardiovascular,4,off-label use,5299.0,fuse_rankavg,0.00390625,0.4653361344537815,1,477,0.0,56.0,0.6069887594172532,varA
cardiovascular,4,off-label use,5294.0,p_A,0.017241379310344827,0.8802521008403361,1,477,0.0,9.0,-0.07458721644583084,varA
cardiovascular,4,off-label use,5294.0,p_B,0.0030581039755351682,0.31512605042016806,1,477,0.0,9.0,-0.07458721644583084,varA
cardiovascular,4,off-label use,5294.0,fuse_rankavg,0.00684931506849315,0.6974789915966386,1,477,0.0,9.0,-0.07458721644583084,varA
cardiovascular,4,off-label use,5386.0,p_A,0.004608294930875576,0.546218487394958,1,477,0.0,3.0,0.17987403581562292,varA
cardiovascular,4,off-label use,5386.0,p_B,0.002881844380403458,0.273109243697479,1,477,0.0,3.0,0.17987403581562292,varA
cardiovascular,4,off-label use,5386.0,fuse_rankavg,0.0032258064516129032,0.351890756302521,1,477,0.0,3.0,0.17987403581562292,varA
cardiovascular,4,off-label use,5295.0,p_A,0.0056179775280898875,0.6281512605042017,1,477,0.0,2.0,0.9182436330315296,varA
cardiovascular,4,off-label use,5295.0,p_B,0.0029239766081871343,0.28361344537815125,1,477,0.0,2.0,0.9182436330315296,varA
cardiovascular,4,off-label use,5295.0,fuse_rankavg,0.0038461538461538464,0.45798319327731096,1,477,0.0,2.0,0.9182436330315296,varA
cardiovascular,4,off-label use,1613.0,p_A,0.043478260869565216,0.9537815126050421,1,477,0.0,10.0,0.4673868305647656,varA
cardiovascular,4,off-label use,1613.0,p_B,0.003484320557491289,0.39915966386554624,1,477,0.0,10.0,0.4673868305647656,varA
cardiovascular,4,off-label use,1613.0,fuse_rankavg,0.007462686567164179,0.722689075630252,1,477,0.0,10.0,0.4673868305647656,varA
cardiovascular,4,off-label use,6809.0,p_A,0.0051813471502590676,0.5966386554621849,1,477,0.0,1.0,0.20248180125743045,varA
cardiovascular,4,off-label use,6809.0,p_B,0.004,0.476890756302521,1,477,0.0,1.0,0.20248180125743045,varA
cardiovascular,4,off-label use,6809.0,fuse_rankavg,0.004484304932735426,0.5346638655462184,1,477,0.0,1.0,0.20248180125743045,varA
cardiovascular,5,indication,6955.0,p_A,0.035425650637047196,0.9290106204583566,9,1798,0.0,4.0,0.5481817780594346,varA
cardiovascular,5,indication,6955.0,p_B,0.019892471534915485,0.8724302838333022,9,1798,0.0,4.0,0.5481817780594346,varA
cardiovascular,5,indication,6955.0,fuse_rankavg,0.06521053637357903,0.9602819700639712,9,1798,0.0,4.0,0.5481817780594346,varA
cardiovascular,5,indication,5009.0,p_A,0.03637433211877546,0.7248157248157249,22,1798,0.0,92.0,-0.08209171208215292,varA
cardiovascular,5,indication,5009.0,p_B,0.014346403509594496,0.5881961506961507,22,1798,0.0,92.0,-0.08209171208215292,varA
cardiovascular,5,indication,5009.0,fuse_rankavg,0.02847423943357769,0.7321867321867321,22,1798,0.0,92.0,-0.08209171208215292,varA
cardiovascular,5,indication,5044.0,p_A,0.04777291154197706,0.4262393676432683,103,1798,0.0,19.0,0.015423601142129205,varA
cardiovascular,5,indication,5044.0,p_B,0.03194575509679931,0.14918807457685368,103,1798,0.0,19.0,0.015423601142129205,varA
cardiovascular,5,indication,5044.0,fuse_rankavg,0.03529682080353369,0.21045908869605062,103,1798,0.0,19.0,0.015423601142129205,varA
cardiovascular,5,indication,2277.0,p_A,0.022770645641288344,0.8722182340272793,7,1798,0.0,97.0,0.08736368336151547,varA
cardiovascular,5,indication,2277.0,p_B,0.005959802996908472,0.6491186089176039,7,1798,0.0,97.0,0.08736368336151547,varA
cardiovascular,5,indication,2277.0,fuse_rankavg,0.021117324241547407,0.8655180665230916,7,1798,0.0,97.0,0.08736368336151547,varA
cardiovascular,5,indication,5311.0,p_A,0.0073238603268289465,0.7165988673526362,7,1798,0.0,99.0,0.09347827213673225,varA
cardiovascular,5,indication,5311.0,p_B,0.0028334493668954112,0.26114700486559783,7,1798,0.0,99.0,0.09347827213673225,varA
cardiovascular,5,indication,5311.0,fuse_rankavg,0.00398341621548753,0.475831538645609,7,1798,0.0,99.0,0.09347827213673225,varA
cardiovascular,5,indication,5068.0,p_A,0.056634646406442724,0.9047264145084155,9,1798,0.0,83.0,-0.166051077582549,varA
cardiovascular,5,indication,5068.0,p_B,0.0035964926311925047,0.2697969070244084,9,1798,0.0,83.0,-0.166051077582549,varA
cardiovascular,5,indication,5068.0,fuse_rankavg,0.007824243407934696,0.6605179802496739,9,1798,0.0,83.0,-0.166051077582549,varA
cardiovascular,5,indication,6716.0,p_A,0.0656620790806234,0.9118067200794981,9,1798,0.0,87.0,0.06683837545747537,varA
cardiovascular,5,indication,6716.0,p_B,0.004922098039546423,0.475684740078256,9,1798,0.0,87.0,0.06683837545747537,varA
cardiovascular,5,indication,6716.0,fuse_rankavg,0.01398847233984895,0.7824669275200298,9,1798,0.0,87.0,0.06683837545747537,varA
cardiovascular,5,indication,831.0,p_A,0.03278325512365622,0.7452181987000929,3,1798,0.0,9.0,-0.1120799944876109,varA
cardiovascular,5,indication,831.0,p_B,0.001846091923197023,0.42451253481894147,3,1798,0.0,9.0,-0.1120799944876109,varA
cardiovascular,5,indication,831.0,fuse_rankavg,0.0035466198292520524,0.6408542246982358,3,1798,0.0,9.0,-0.1120799944876109,varA
cardiovascular,5,indication,6809.0,p_A,0.005589556279761607,0.7214484679665738,3,1798,0.0,1.0,-0.37640157166448596,varA
cardiovascular,5,indication,6809.0,p_B,0.0021473556359116984,0.45923862581244196,3,1798,0.0,1.0,-0.37640157166448596,varA
cardiovascular,5,indication,6809.0,fuse_rankavg,0.006803165971142616,0.6337047353760445,3,1798,0.0,1.0,-0.37640157166448596,varA
cardiovascular,5,indication,4981.0,p_A,0.04075095229514962,0.8392056374119155,14,1798,0.0,132.0,0.07521322656693154,varA
cardiovascular,5,indication,4981.0,p_B,0.006777880598718774,0.3058135810377962,14,1798,0.0,132.0,0.07521322656693154,varA
cardiovascular,5,indication,4981.0,fuse_rankavg,0.009725558627896487,0.5996957078795644,14,1798,0.0,132.0,0.07521322656693154,varA
cardiovascular,5,indication,6021.0,p_A,0.0022597030083785913,0.2941438929168991,5,1798,0.0,1.0,0.9495798912954743,varA
cardiovascular,5,indication,6021.0,p_B,0.002391546366921035,0.33965421081985503,5,1798,0.0,1.0,0.9495798912954743,varA
cardiovascular,5,indication,6021.0,fuse_rankavg,0.00233240497349461,0.3137757947573898,5,1798,0.0,1.0,0.9495798912954743,varA
cardiovascular,5,indication,6981.0,p_A,0.004019182878042754,0.3586733743245761,9,1798,0.0,51.0,-0.03405329002196024,varA
cardiovascular,5,indication,6981.0,p_B,0.005900617319011196,0.49642879324265576,9,1798,0.0,51.0,-0.03405329002196024,varA
cardiovascular,5,indication,6981.0,fuse_rankavg,0.004186160705161006,0.38109434196633746,9,1798,0.0,51.0,-0.03405329002196024,varA
cardiovascular,5,indication,24573.0,p_A,0.015384615384615385,0.9643850862548693,1,1798,0.0,15.0,0.586840715244822,varA
cardiovascular,5,indication,24573.0,p_B,0.004329004329004329,0.8720089037284362,1,1798,0.0,15.0,0.586840715244822,varA
cardiovascular,5,indication,24573.0,fuse_rankavg,0.010752688172043012,0.9488035614913746,1,1798,0.0,15.0,0.586840715244822,varA
cardiovascular,5,indication,5279.0,p_A,0.05525573004972901,0.5770798280052346,15,1798,0.0,11.0,0.08501753326208951,varA
cardiovascular,5,indication,5279.0,p_B,0.011133758440304217,0.5610020564591512,15,1798,0.0,11.0,0.08501753326208951,varA
cardiovascular,5,indication,5279.0,fuse_rankavg,0.01215538783393938,0.5671714339128809,15,1798,0.0,11.0,0.08501753326208951,varA
cardiovascular,5,indication,11057.0,p_A,0.04975241665880873,0.8385261797026503,13,1798,0.0,30.0,-0.40592155718664613,varA
cardiovascular,5,indication,11057.0,p_B,0.005207349795926916,0.30265029088558504,13,1798,0.0,30.0,-0.40592155718664613,varA
cardiovascular,5,indication,11057.0,fuse_rankavg,0.010899312076730248,0.652014652014652,13,1798,0.0,30.0,-0.40592155718664613,varA
cardiovascular,5,indication,2679.0,p_A,0.020541842122364776,0.8776536312849162,8,1798,0.0,10.0,0.004176496158010751,varA
cardiovascular,5,indication,2679.0,p_B,0.00394949708103922,0.4094972067039106,8,1798,0.0,10.0,0.004176496158010751,varA
cardiovascular,5,indication,2679.0,fuse_rankavg,0.008632377091101841,0.7192039106145252,8,1798,0.0,10.0,0.004176496158010751,varA
cardiovascular,5,indication,5294.0,p_A,0.0034280511155112174,0.4706079196876743,5,1798,0.0,9.0,-0.3256722106106105,varA
cardiovascular,5,indication,5294.0,p_B,0.0029116982432663948,0.4607919687674289,5,1798,0.0,9.0,-0.3256722106106105,varA
cardiovascular,5,indication,5294.0,fuse_rankavg,0.003221916008949247,0.4581706636921361,5,1798,0.0,9.0,-0.3256722106106105,varA
cardiovascular,5,indication,5386.0,p_A,0.004213673245405053,0.6170663692136086,5,1798,0.0,3.0,-0.30513385312372804,varA
cardiovascular,5,indication,5386.0,p_B,0.002936047948350549,0.4346904629113218,5,1798,0.0,3.0,-0.30513385312372804,varA
cardiovascular,5,indication,5386.0,fuse_rankavg,0.004460596842758968,0.5572783045175682,5,1798,0.0,3.0,-0.30513385312372804,varA
cardiovascular,5,indication,5295.0,p_A,0.003108120084245798,0.40522693452380953,6,1798,0.0,2.0,0.9365912178510256,varA
cardiovascular,5,indication,5295.0,p_B,0.0032331198056463643,0.43359375,6,1798,0.0,2.0,0.9365912178510256,varA
cardiovascular,5,indication,5295.0,fuse_rankavg,0.0032144468362722265,0.4216424851190476,6,1798,0.0,2.0,0.9365912178510256,varA
cardiovascular,5,indication,9934.0,p_A,0.04665032679738562,0.9769730733519034,3,1798,0.0,4.0,0.30299414355624527,varA
cardiovascular,5,indication,9934.0,p_B,0.005405326670610674,0.7162488393686165,3,1798,0.0,4.0,0.30299414355624527,varA
cardiovascular,5,indication,9934.0,fuse_rankavg,0.01749832862873273,0.9088207985143919,3,1798,0.0,4.0,0.30299414355624527,varA
cardiovascular,5,indication,5385.0,p_A,0.038533830181161965,0.8313834726090992,3,1798,0.0,30.0,-0.11389806722354907,varA
cardiovascular,5,indication,5385.0,p_B,0.002531701156485721,0.5387186629526463,3,1798,0.0,30.0,-0.11389806722354907,varA
cardiovascular,5,indication,5385.0,fuse_rankavg,0.006752779990071291,0.8201485608170844,3,1798,0.0,30.0,-0.11389806722354907,varA
cardiovascular,5,indication,11479.0,p_A,0.00421700666798706,0.8065144766146993,2,1798,0.0,5.0,-0.026025134570236568,varA
cardiovascular,5,indication,11479.0,p_B,0.007808701993193972,0.8956013363028953,2,1798,0.0,5.0,-0.026025134570236568,varA
cardiovascular,5,indication,11479.0,fuse_rankavg,0.023504273504273504,0.9664532293986636,2,1798,0.0,5.0,-0.026025134570236568,varA
cardiovascular,5,indication,8364.0,p_A,0.0032573880774931846,0.7516703786191536,2,1798,0.0,5.0,0.2436537176558522,varA
cardiovascular,5,indication,8364.0,p_B,0.001754752163869639,0.528674832962138,2,1798,0.0,5.0,0.2436537176558522,varA
cardiovascular,5,indication,8364.0,fuse_rankavg,0.002829363150218765,0.7142260579064588,2,1798,0.0,5.0,0.2436537176558522,varA
cardiovascular,5,indication,5267.0,p_A,0.0006798096532970768,0.1819699499165276,1,1798,0.0,59.0,-0.36468118753779966,varA
cardiovascular,5,indication,5267.0,p_B,0.0014684287812041115,0.6215915414579855,1,1798,0.0,59.0,-0.36468118753779966,varA
cardiovascular,5,indication,5267.0,fuse_rankavg,0.0007662835249042146,0.27518085698386197,1,1798,0.0,59.0,-0.36468118753779966,varA
cardiovascular,5,indication,4995.0,p_A,0.000749063670411985,0.2576516416249305,1,1798,0.0,4.0,0.09525447601554231,varA
cardiovascular,5,indication,4995.0,p_B,0.0035460992907801418,0.8436282693377851,1,1798,0.0,4.0,0.09525447601554231,varA
cardiovascular,5,indication,4995.0,fuse_rankavg,0.0012468827930174563,0.5542570951585977,1,1798,0.0,4.0,0.09525447601554231,varA
cardiovascular,5,indication,5264.0,p_A,0.007802098615069333,0.7622630992196209,4,1798,0.0,50.0,-0.04017501066391864,varA
cardiovascular,5,indication,5264.0,p_B,0.0026847754011990886,0.49916387959866226,4,1798,0.0,50.0,-0.04017501066391864,varA
cardiovascular,5,indication,5264.0,fuse_rankavg,0.0048430492811448915,0.7225473801560758,4,1798,0.0,50.0,-0.04017501066391864,varA
cardiovascular,5,indication,5299.0,p_A,0.00565194796959229,0.6741917502787068,4,1798,0.0,56.0,0.2894638802835185,varA
cardiovascular,5,indication,5299.0,p_B,0.0023944136057074197,0.4311594202898551,4,1798,0.0,56.0,0.2894638802835185,varA
cardiovascular,5,indication,5299.0,fuse_rankavg,0.0030955906858137587,0.5683528428093646,4,1798,0.0,56.0,0.2894638802835185,varA
cardiovascular,5,indication,5010.0,p_A,0.5,0.9994435169727323,1,1798,0.0,216.0,0.5612725860490875,varA
cardiovascular,5,indication,5010.0,p_B,0.05555555555555555,0.9905397885364498,1,1798,0.0,216.0,0.5612725860490875,varA
cardiovascular,5,indication,5010.0,fuse_rankavg,0.25,0.998330550918197,1,1798,0.0,216.0,0.5612725860490875,varA
cardiovascular,5,indication,465.0,p_A,0.001282051282051282,0.5664997217584864,1,1798,0.0,11.0,0.0014292821248398874,varA
cardiovascular,5,indication,465.0,p_B,0.0006775067750677507,0.17918753478018923,1,1798,0.0,11.0,0.0014292821248398874,varA
cardiovascular,5,indication,465.0,fuse_rankavg,0.000778816199376947,0.28603227601558157,1,1798,0.0,11.0,0.0014292821248398874,varA
cardiovascular,5,indication,745.0,p_A,0.003002268569110123,0.39071800595238093,6,1798,0.0,6.0,-0.15307227810026786,varA
cardiovascular,5,indication,745.0,p_B,0.010045103812318698,0.7940848214285714,6,1798,0.0,6.0,-0.15307227810026786,varA
cardiovascular,5,indication,745.0,fuse_rankavg,0.005636385544709115,0.6699683779761905,6,1798,0.0,6.0,-0.15307227810026786,varA
cardiovascular,5,indication,19514.0,p_A,0.09090909090909091,0.9944351697273234,1,1798,0.0,4.0,0.8018043917297557,varA
cardiovascular,5,indication,19514.0,p_B,0.0019047619047619048,0.7084028937117418,1,1798,0.0,4.0,0.8018043917297557,varA
cardiovascular,5,indication,19514.0,fuse_rankavg,0.004329004329004329,0.8728436282693378,1,1798,0.0,4.0,0.8018043917297557,varA
cardiovascular,5,indication,8542.0,p_A,0.0047169811320754715,0.8825820812465219,1,1798,0.0,16.0,0.3705883942839731,varA
cardiovascular,5,indication,8542.0,p_B,0.0010787486515641855,0.48469671675013914,1,1798,0.0,16.0,0.3705883942839731,varA
cardiovascular,5,indication,8542.0,fuse_rankavg,0.0021231422505307855,0.7384529771841959,1,1798,0.0,16.0,0.3705883942839731,varA
cardiovascular,5,indication,11514.0,p_A,0.005917159763313609,0.9065108514190316,1,1798,0.0,2.0,0.5171415520842128,varA
cardiovascular,5,indication,11514.0,p_B,0.00392156862745098,0.8586533110740122,1,1798,0.0,2.0,0.5171415520842128,varA
cardiovascular,5,indication,11514.0,fuse_rankavg,0.007575757575757576,0.9273789649415692,1,1798,0.0,2.0,0.5171415520842128,varA
cardiovascular,5,indication,8889.0,p_A,0.029411764705882353,0.9816360601001669,1,1798,0.0,2.0,0.5013895923459326,varA
cardiovascular,5,indication,8889.0,p_B,0.0008598452278589854,0.35336672231496935,1,1798,0.0,2.0,0.5013895923459326,varA
cardiovascular,5,indication,8889.0,fuse_rankavg,0.0018450184501845018,0.6989426822481914,1,1798,0.0,2.0,0.5013895923459326,varA
cardiovascular,5,indication,8638.0,p_A,0.008426178964333264,0.9042316258351893,2,1798,0.0,9.0,-0.29665762120761285,varA
cardiovascular,5,indication,8638.0,p_B,0.006078853593002649,0.6726057906458797,2,1798,0.0,9.0,-0.29665762120761285,varA
cardiovascular,5,indication,8638.0,fuse_rankavg,0.10260416666666668,0.8926781737193764,2,1798,0.0,9.0,-0.29665762120761285,varA
cardiovascular,5,indication,6812.0,p_A,0.0031557046578997144,0.7344097995545656,2,1798,0.0,6.0,-0.13664655486266672,varA
cardiovascular,5,indication,6812.0,p_B,0.006835597352838733,0.8582962138084632,2,1798,0.0,6.0,-0.13664655486266672,varA
cardiovascular,5,indication,6812.0,fuse_rankavg,0.01730496453900709,0.9539253897550111,2,1798,0.0,6.0,-0.13664655486266672,varA
cardiovascular,5,indication,6658.0,p_A,0.0016260162601626016,0.6583194212576516,1,1798,0.0,50.0,0.39834914361597346,varA
cardiovascular,5,indication,6658.0,p_B,0.0027100271002710027,0.7952142459654981,1,1798,0.0,50.0,0.39834914361597346,varA
cardiovascular,5,indication,6658.0,fuse_rankavg,0.0026595744680851063,0.7915971062882582,1,1798,0.0,50.0,0.39834914361597346,varA
cardiovascular,5,indication,5081.0,p_A,0.0008968609865470852,0.38007790762381743,1,1798,0.0,4.0,0.1622577896037608,varA
cardiovascular,5,indication,5081.0,p_B,0.0007077140835102619,0.2142459654980523,1,1798,0.0,4.0,0.1622577896037608,varA
cardiovascular,5,indication,5081.0,fuse_rankavg,0.0007017543859649122,0.20784641068447413,1,1798,0.0,4.0,0.1622577896037608,varA
cardiovascular,5,indication,1641.0,p_A,0.003861003861003861,0.8564273789649415,1,1798,0.0,2.0,-0.3698126650245813,varA
cardiovascular,5,indication,1641.0,p_B,0.0007122507122507123,0.2192543127434613,1,1798,0.0,2.0,-0.3698126650245813,varA
cardiovascular,5,indication,1641.0,fuse_rankavg,0.001466275659824047,0.6221480244852532,1,1798,0.0,2.0,-0.3698126650245813,varA
cardiovascular,5,indication,1072.0,p_A,0.0005561735261401557,0.5,1,1798,0.0,0.0,,varA
cardiovascular,5,indication,1072.0,p_B,0.0005561735261401557,0.5,1,1798,0.0,0.0,,varA
cardiovascular,5,indication,1072.0,fuse_rankavg,0.0005561735261401557,0.5,1,1798,0.0,0.0,,varA
cardiovascular,5,indication,945.0,p_A,0.0011890606420927466,0.533667223149694,1,1798,0.0,4.0,0.9339767044890053,varA
cardiovascular,5,indication,945.0,p_B,0.0011918951132300357,0.5347801892042293,1,1798,0.0,4.0,0.9339767044890053,varA
cardiovascular,5,indication,945.0,fuse_rankavg,0.001201923076923077,0.5389538119087368,1,1798,0.0,4.0,0.9339767044890053,varA
cardiovascular,5,contraindication,19180.0,p_A,0.3329760737458279,0.7447916666666666,32,1262,0.0,17.0,0.4322759187095362,varA
cardiovascular,5,contraindication,19180.0,p_B,0.034513914255695236,0.5110264227642277,32,1262,0.0,17.0,0.4322759187095362,varA
cardiovascular,5,contraindication,19180.0,fuse_rankavg,0.0624144770231201,0.6464430894308943,32,1262,0.0,17.0,0.4322759187095362,varA
cardiovascular,5,contraindication,5044.0,p_A,0.5097774768968416,0.7867353377560244,307,1262,0.0,19.0,0.5447007845792677,varA
cardiovascular,5,contraindication,5044.0,p_B,0.29455954093585457,0.6201442775039651,307,1262,0.0,19.0,0.5447007845792677,varA
cardiovascular,5,contraindication,5044.0,fuse_rankavg,0.42479252093513054,0.7314272558282313,307,1262,0.0,19.0,0.5447007845792677,varA
cardiovascular,5,contraindication,5294.0,p_A,0.10727028326743748,0.6144333274184082,61,1262,0.0,9.0,-0.10702569549865544,varA
cardiovascular,5,contraindication,5294.0,p_B,0.04469420665938925,0.43209893394848553,61,1262,0.0,9.0,-0.10702569549865544,varA
cardiovascular,5,contraindication,5294.0,fuse_rankavg,0.06387399640331115,0.5314219025129332,61,1262,0.0,9.0,-0.10702569549865544,varA
cardiovascular,5,contraindication,5009.0,p_A,0.2213540399481437,0.7001785193821044,94,1262,0.0,92.0,0.5275210769312655,varA
cardiovascular,5,contraindication,5009.0,p_B,0.08310396635424527,0.5646404109589042,94,1262,0.0,92.0,0.5275210769312655,varA
cardiovascular,5,contraindication,5009.0,fuse_rankavg,0.13276049129297995,0.6464359880501311,94,1262,0.0,92.0,0.5275210769312655,varA
cardiovascular,5,contraindication,1574.0,p_A,0.04114386334610429,0.6281504065040651,32,1262,0.0,7.0,0.5506049254429836,varA
cardiovascular,5,contraindication,1574.0,p_B,0.030414892047714748,0.4586636178861788,32,1262,0.0,7.0,0.5506049254429836,varA
cardiovascular,5,contraindication,1574.0,fuse_rankavg,0.034283636544060636,0.5507494918699187,32,1262,0.0,7.0,0.5506049254429836,varA
cardiovascular,5,contraindication,1576.0,p_A,0.04510127458579601,0.6510416666666666,32,1262,0.0,6.0,0.539943468070045,varA
cardiovascular,5,contraindication,1576.0,p_B,0.028843163094424078,0.45228658536585364,32,1262,0.0,6.0,0.539943468070045,varA
cardiovascular,5,contraindication,1576.0,fuse_rankavg,0.0350713995121899,0.5600228658536586,32,1262,0.0,6.0,0.539943468070045,varA
cardiovascular,5,contraindication,5386.0,p_A,0.07149222485584503,0.5724193548387098,62,1262,0.0,3.0,0.06899283624943037,varA
cardiovascular,5,contraindication,5386.0,p_B,0.042187355850656194,0.41322580645161294,62,1262,0.0,3.0,0.06899283624943037,varA
cardiovascular,5,contraindication,5386.0,fuse_rankavg,0.07515210288468321,0.5071572580645161,62,1262,0.0,3.0,0.06899283624943037,varA
cardiovascular,5,contraindication,5295.0,p_A,0.05248249392951988,0.44776893572296306,61,1262,0.0,2.0,0.9827760636260789,varA
cardiovascular,5,contraindication,5295.0,p_B,0.05288110384455947,0.4480009827875677,61,1262,0.0,2.0,0.9827760636260789,varA
cardiovascular,5,contraindication,5295.0,fuse_rankavg,0.05269202438685512,0.4474754644353749,61,1262,0.0,2.0,0.9827760636260789,varA
cardiovascular,5,contraindication,992.0,p_A,0.3163458258734279,0.6923524577419427,215,1262,0.0,9.0,0.3256399709468377,varA
cardiovascular,5,contraindication,992.0,p_B,0.20453815032749323,0.560285200239888,215,1262,0.0,9.0,0.3256399709468377,varA
cardiovascular,5,contraindication,992.0,fuse_rankavg,0.2805441506026909,0.6543812887319251,215,1262,0.0,9.0,0.3256399709468377,varA
cardiovascular,5,contraindication,5010.0,p_A,0.4892497571775566,0.7761603053435114,262,1262,0.0,216.0,0.6666251783545164,varA
cardiovascular,5,contraindication,5010.0,p_B,0.24155650051778801,0.6154809160305343,262,1262,0.0,216.0,0.6666251783545164,varA
cardiovascular,5,contraindication,5010.0,fuse_rankavg,0.3394513434103015,0.7146011450381679,262,1262,0.0,216.0,0.6666251783545164,varA
cardiovascular,5,contraindication,465.0,p_A,0.04384870622201637,0.5986727209221098,35,1262,0.0,11.0,0.6716398609123589,varA
cardiovascular,5,contraindication,465.0,p_B,0.03633863612676434,0.6004889975550122,35,1262,0.0,11.0,0.6716398609123589,varA
cardiovascular,5,contraindication,465.0,fuse_rankavg,0.038679260611590036,0.6094539527302363,35,1262,0.0,11.0,0.6716398609123589,varA
cardiovascular,5,contraindication,6659.0,p_A,0.026092435965906102,0.5293508963279917,29,1262,0.0,1.0,0.9786069867834143,varA
cardiovascular,5,contraindication,6659.0,p_B,0.026927560263317225,0.5268339066476495,29,1262,0.0,1.0,0.9786069867834143,varA
cardiovascular,5,contraindication,6659.0,fuse_rankavg,0.02652445269317925,0.5287356321839081,29,1262,0.0,1.0,0.9786069867834143,varA
cardiovascular,5,contraindication,5279.0,p_A,0.7252291422552897,0.9563375620518478,37,1262,0.0,11.0,0.43830462600650877,varA
cardiovascular,5,contraindication,5279.0,p_B,0.0351443642905324,0.5949476006618865,37,1262,0.0,11.0,0.43830462600650877,varA
cardiovascular,5,contraindication,5279.0,fuse_rankavg,0.12249893932457266,0.8347380033094318,37,1262,0.0,11.0,0.43830462600650877,varA
cardiovascular,5,contraindication,5267.0,p_A,0.14515715085709455,0.5249979072492885,176,1262,0.0,59.0,0.07038465588000402,varA
cardiovascular,5,contraindication,5267.0,p_B,0.18311449966123058,0.5500062782521347,176,1262,0.0,59.0,0.07038465588000402,varA
cardiovascular,5,contraindication,5267.0,fuse_rankavg,0.1972545640626984,0.5500272057592499,176,1262,0.0,59.0,0.07038465588000402,varA
cardiovascular,5,contraindication,4995.0,p_A,0.1652419691159681,0.5490488448016072,176,1262,0.0,4.0,-0.0015650031369976126,varA
cardiovascular,5,contraindication,4995.0,p_B,0.1390183346219307,0.526175079524527,176,1262,0.0,4.0,-0.0015650031369976126,varA
cardiovascular,5,contraindication,4995.0,fuse_rankavg,0.15420752001901633,0.5529492089402311,176,1262,0.0,4.0,-0.0015650031369976126,varA
cardiovascular,5,contraindication,11057.0,p_A,0.28517521900873627,0.8138174013404337,131,1262,0.0,30.0,0.18898167985632588,varA
cardiovascular,5,contraindication,11057.0,p_B,0.11778905595532088,0.5811718333434575,131,1262,0.0,30.0,0.18898167985632588,varA
cardiovascular,5,contraindication,11057.0,fuse_rankavg,0.3134848924829209,0.7530220503371333,131,1262,0.0,30.0,0.18898167985632588,varA
cardiovascular,5,contraindication,2800.0,p_A,0.04100009668418192,0.5949221125018345,39,1262,0.0,4.0,0.9802087078826688,varA
cardiovascular,5,contraindication,2800.0,p_B,0.03833673558147565,0.5955930142356961,39,1262,0.0,4.0,0.9802087078826688,varA
cardiovascular,5,contraindication,2800.0,fuse_rankavg,0.039314890939905776,0.5955615657169214,39,1262,0.0,4.0,0.9802087078826688,varA
cardiovascular,5,contraindication,5068.0,p_A,0.5920525929753764,0.8474575515445529,214,1262,0.0,83.0,0.4861425544734105,varA
cardiovascular,5,contraindication,5068.0,p_B,0.21570300497592554,0.6231941570949561,214,1262,0.0,83.0,0.4861425544734105,varA
cardiovascular,5,contraindication,5068.0,fuse_rankavg,0.4188215791804818,0.7748559784547336,214,1262,0.0,83.0,0.4861425544734105,varA
cardiovascular,5,contraindication,2679.0,p_A,0.22258213148985312,0.783755181934642,109,1262,0.0,10.0,0.3255304499225057,varA
cardiovascular,5,contraindication,2679.0,p_B,0.09287258976077674,0.5523922436086157,109,1262,0.0,10.0,0.3255304499225057,varA
cardiovascular,5,contraindication,2679.0,fuse_rankavg,0.20173397394634257,0.7068835188618442,109,1262,0.0,10.0,0.3255304499225057,varA
cardiovascular,5,contraindication,6716.0,p_A,0.5899299025055,0.8463963401583792,214,1262,0.0,87.0,0.5217939942608333,varA
cardiovascular,5,contraindication,6716.0,p_B,0.20886337652576745,0.6238763644146393,214,1262,0.0,87.0,0.5217939942608333,varA
cardiovascular,5,contraindication,6716.0,fuse_rankavg,0.4233122479934174,0.7683549439965756,214,1262,0.0,87.0,0.5217939942608333,varA
cardiovascular,5,contraindication,2277.0,p_A,0.23409154942007757,0.7513650013650014,74,1262,0.0,97.0,0.6804466084565267,varA
cardiovascular,5,contraindication,2277.0,p_B,0.09332251405132214,0.6386158886158886,74,1262,0.0,97.0,0.6804466084565267,varA
cardiovascular,5,contraindication,2277.0,fuse_rankavg,0.15993112818048755,0.7137194012194011,74,1262,0.0,97.0,0.6804466084565267,varA
cardiovascular,5,contraindication,4994.0,p_A,0.05115037444123333,0.7847423510466989,20,1262,0.0,35.0,0.47339850204445916,varA
cardiovascular,5,contraindication,4994.0,p_B,0.023716122137083233,0.6423510466988728,20,1262,0.0,35.0,0.47339850204445916,varA
cardiovascular,5,contraindication,4994.0,fuse_rankavg,0.06406888437510334,0.7533615136876006,20,1262,0.0,35.0,0.47339850204445916,varA
cardiovascular,5,contraindication,5311.0,p_A,0.24938374509395095,0.7771407771407771,74,1262,0.0,99.0,0.5993608208775109,varA
cardiovascular,5,contraindication,5311.0,p_B,0.06773312298421957,0.5888502138502139,74,1262,0.0,99.0,0.5993608208775109,varA
cardiovascular,5,contraindication,5311.0,fuse_rankavg,0.1122044228941672,0.7069967694967695,74,1262,0.0,99.0,0.5993608208775109,varA
cardiovascular,5,contraindication,6746.0,p_A,0.04132310369423612,0.7337359098228664,20,1262,0.0,28.0,0.48209750075756913,varA
cardiovascular,5,contraindication,6746.0,p_B,0.02276372063343557,0.6384863123993559,20,1262,0.0,28.0,0.48209750075756913,varA
cardiovascular,5,contraindication,6746.0,fuse_rankavg,0.04853179052494848,0.7128824476650564,20,1262,0.0,28.0,0.48209750075756913,varA
cardiovascular,5,contraindication,11479.0,p_A,0.1288237360141546,0.7085715523215523,78,1262,0.0,5.0,0.459648890904098,varA
cardiovascular,5,contraindication,11479.0,p_B,0.13917697492110334,0.7233627858627859,78,1262,0.0,5.0,0.459648890904098,varA
cardiovascular,5,contraindication,11479.0,fuse_rankavg,0.1889351800574985,0.748251256063756,78,1262,0.0,5.0,0.459648890904098,varA
cardiovascular,5,contraindication,1823.0,p_A,0.06222447989672547,0.6394224470008648,31,1262,0.0,17.0,0.662645864717116,varA
cardiovascular,5,contraindication,1823.0,p_B,0.03620292969732178,0.6353869133408454,31,1262,0.0,17.0,0.662645864717116,varA
cardiovascular,5,contraindication,1823.0,fuse_rankavg,0.060931523841352135,0.6478079714892166,31,1262,0.0,17.0,0.662645864717116,varA
cardiovascular,5,contraindication,8364.0,p_A,0.05552851515732711,0.6282984814538213,26,1262,0.0,5.0,0.28921364483658435,varA
cardiovascular,5,contraindication,8364.0,p_B,0.018952121836921923,0.47952452078665675,26,1262,0.0,5.0,0.28921364483658435,varA
cardiovascular,5,contraindication,8364.0,fuse_rankavg,0.0311833615671605,0.5513287279063979,26,1262,0.0,5.0,0.28921364483658435,varA
cardiovascular,5,contraindication,1370.0,p_A,0.011597971427869343,0.6241214057507987,10,1262,0.0,3.0,0.9786291309983753,varA
cardiovascular,5,contraindication,1370.0,p_B,0.010865408387441643,0.6019169329073483,10,1262,0.0,3.0,0.9786291309983753,varA
cardiovascular,5,contraindication,1370.0,fuse_rankavg,0.01130127196654918,0.6159345047923322,10,1262,0.0,3.0,0.9786291309983753,varA
cardiovascular,5,contraindication,5904.0,p_A,0.01576240625061697,0.6367828323135586,9,1262,0.0,8.0,-0.02127866810875717,varA
cardiovascular,5,contraindication,5904.0,p_B,0.0074162320964645525,0.485324111022435,9,1262,0.0,8.0,-0.02127866810875717,varA
cardiovascular,5,contraindication,5904.0,fuse_rankavg,0.013213703148042882,0.5863261505719606,9,1262,0.0,8.0,-0.02127866810875717,varA
cardiovascular,5,contraindication,18882.0,p_A,0.026857560651379196,0.8003706645485835,3,1262,0.0,21.0,-0.05111217364336309,varA
cardiovascular,5,contraindication,18882.0,p_B,0.002745807480872003,0.42891183478951544,3,1262,0.0,21.0,-0.05111217364336309,varA
cardiovascular,5,contraindication,18882.0,fuse_rankavg,0.004980537350224526,0.6890389197776012,3,1262,0.0,21.0,-0.05111217364336309,varA
cardiovascular,5,contraindication,5291.0,p_A,0.0030171443297833337,0.48874768334657137,3,1262,0.0,2.0,0.9845893936255409,varA
cardiovascular,5,contraindication,5291.0,p_B,0.003204276122018452,0.5160180037066455,3,1262,0.0,2.0,0.9845893936255409,varA
cardiovascular,5,contraindication,5291.0,fuse_rankavg,0.0031215449766497654,0.5046333068572941,3,1262,0.0,2.0,0.9845893936255409,varA
cardiovascular,5,contraindication,6981.0,p_A,0.016908479146522513,0.6770666666666667,12,1262,0.0,51.0,0.354780927950074,varA
cardiovascular,5,contraindication,6981.0,p_B,0.009326438755288238,0.4017333333333334,12,1262,0.0,51.0,0.354780927950074,varA
cardiovascular,5,contraindication,6981.0,fuse_rankavg,0.012240047593570945,0.5437000000000001,12,1262,0.0,51.0,0.354780927950074,varA
cardiovascular,5,contraindication,5783.0,p_A,0.010721646584967439,0.6218849840255591,10,1262,0.0,3.0,0.522675995536648,varA
cardiovascular,5,contraindication,5783.0,p_B,0.011628977014484319,0.6218051118210863,10,1262,0.0,3.0,0.522675995536648,varA
cardiovascular,5,contraindication,5783.0,fuse_rankavg,0.01160368174168989,0.6389776357827476,10,1262,0.0,3.0,0.522675995536648,varA
cardiovascular,5,contraindication,4745.0,p_A,0.0565734993052418,0.8290831328521786,15,1262,0.0,2.0,0.056438696182773765,varA
cardiovascular,5,contraindication,4745.0,p_B,0.008549075538296478,0.32226677358994926,15,1262,0.0,2.0,0.056438696182773765,varA
cardiovascular,5,contraindication,4745.0,fuse_rankavg,0.015530825568118396,0.6095161721464849,15,1262,0.0,2.0,0.056438696182773765,varA
cardiovascular,5,contraindication,2869.0,p_A,0.14171128753524756,0.6933872271624899,25,1262,0.0,5.0,0.07344040231423464,varA
cardiovascular,5,contraindication,2869.0,p_B,0.032485440721893896,0.6428132578819725,25,1262,0.0,5.0,0.07344040231423464,varA
cardiovascular,5,contraindication,2869.0,fuse_rankavg,0.11842141474357623,0.6986903799514956,25,1262,0.0,5.0,0.07344040231423464,varA
cardiovascular,5,contraindication,4596.0,p_A,0.4943010234575258,0.9550953110015646,49,1262,0.0,2.0,0.26419810313812897,varA
cardiovascular,5,contraindication,4596.0,p_B,0.05179970683537744,0.620724464559113,49,1262,0.0,2.0,0.26419810313812897,varA
cardiovascular,5,contraindication,4596.0,fuse_rankavg,0.20811958229362038,0.855191210861921,49,1262,0.0,2.0,0.26419810313812897,varA
cardiovascular,5,contraindication,5264.0,p_A,0.035777008745830244,0.6251832844574781,22,1262,0.0,50.0,0.3601415355051799,varA
cardiovascular,5,contraindication,5264.0,p_B,0.015504324532723684,0.4597507331378299,22,1262,0.0,50.0,0.3601415355051799,varA
cardiovascular,5,contraindication,5264.0,fuse_rankavg,0.018565582710997876,0.5465725806451612,22,1262,0.0,50.0,0.3601415355051799,varA
cardiovascular,5,contraindication,1613.0,p_A,0.012898925077430219,0.45913719185423363,18,1262,0.0,10.0,0.49956461750883785,varA
cardiovascular,5,contraindication,1613.0,p_B,0.013699315368767843,0.468292247231154,18,1262,0.0,10.0,0.49956461750883785,varA
cardiovascular,5,contraindication,1613.0,fuse_rankavg,0.01405677547951207,0.4541130760986066,18,1262,0.0,10.0,0.49956461750883785,varA
cardiovascular,5,contraindication,8504.0,p_A,0.07808623233592392,0.7428547232925435,19,1262,0.0,4.0,0.4300360752486574,varA
cardiovascular,5,contraindication,8504.0,p_B,0.034014139526432424,0.719947495448194,19,1262,0.0,4.0,0.4300360752486574,varA
cardiovascular,5,contraindication,8504.0,fuse_rankavg,0.07473958798526885,0.7627556421222002,19,1262,0.0,4.0,0.4300360752486574,varA
cardiovascular,5,contraindication,8685.0,p_A,0.038813034161896104,0.7793103448275863,15,1262,0.0,2.0,0.3803751924969023,varA
cardiovascular,5,contraindication,8685.0,p_B,0.016990823019033163,0.6473670141673349,15,1262,0.0,2.0,0.3803751924969023,varA
cardiovascular,5,contraindication,8685.0,fuse_rankavg,0.03590827315858233,0.7580593424218124,15,1262,0.0,2.0,0.3803751924969023,varA
cardiovascular,5,contraindication,4978.0,p_A,0.01708765886047113,0.5603590633865436,19,1262,0.0,3.0,0.9800203656326918,varA
cardiovascular,5,contraindication,4978.0,p_B,0.017425696747508605,0.5665833933183724,19,1262,0.0,3.0,0.9800203656326918,varA
cardiovascular,5,contraindication,4978.0,fuse_rankavg,0.01722522143665119,0.564148706440276,19,1262,0.0,3.0,0.9800203656326918,varA
cardiovascular,5,contraindication,6945.0,p_A,0.0679816625514994,0.7551157781367798,24,1262,0.0,1.0,0.07882552433324733,varA
cardiovascular,5,contraindication,6945.0,p_B,0.012916822188239483,0.2988354873451804,24,1262,0.0,1.0,0.07882552433324733,varA
cardiovascular,5,contraindication,6945.0,fuse_rankavg,0.020584954266791765,0.5459410339256866,24,1262,0.0,1.0,0.07882552433324733,varA
cardiovascular,5,contraindication,4981.0,p_A,0.01782248406841503,0.6389652014652014,14,1262,0.0,132.0,0.49982312987432814,varA
cardiovascular,5,contraindication,4981.0,p_B,0.008786677724091098,0.37923534798534797,14,1262,0.0,132.0,0.49982312987432814,varA
cardiovascular,5,contraindication,4981.0,fuse_rankavg,0.01115416669105049,0.5002289377289377,14,1262,0.0,132.0,0.49982312987432814,varA
cardiovascular,5,contraindication,831.0,p_A,0.008269631871217237,0.6115976645435245,6,1262,0.0,9.0,-0.20018619290584488,varA
cardiovascular,5,contraindication,831.0,p_B,0.005536545403841058,0.5250796178343948,6,1262,0.0,9.0,-0.20018619290584488,varA
cardiovascular,5,contraindication,831.0,fuse_rankavg,0.008840847898112923,0.6232749469214437,6,1262,0.0,9.0,-0.20018619290584488,varA
cardiovascular,5,contraindication,5453.0,p_A,0.004305640342601329,0.7198412698412697,2,1262,0.0,19.0,0.4072826227228482,varA
cardiovascular,5,contraindication,5453.0,p_B,0.0019611352213920333,0.4115079365079365,2,1262,0.0,19.0,0.4072826227228482,varA
cardiovascular,5,contraindication,5453.0,fuse_rankavg,0.0027975445730372226,0.5793650793650793,2,1262,0.0,19.0,0.4072826227228482,varA
cardiovascular,5,contraindication,4496.0,p_A,0.01657281087896092,0.7712320574162679,8,1262,0.0,12.0,0.4244734771083357,varA
cardiovascular,5,contraindication,4496.0,p_B,0.006117493208839923,0.45793460925039875,8,1262,0.0,12.0,0.4244734771083357,varA
cardiovascular,5,contraindication,4496.0,fuse_rankavg,0.009579035810559541,0.6450358851674641,8,1262,0.0,12.0,0.4244734771083357,varA
cardiovascular,5,contraindication,5299.0,p_A,0.020322251393985847,0.6765983860955928,9,1262,0.0,56.0,0.4012048864980619,varA
cardiovascular,5,contraindication,5299.0,p_B,0.006332106683844066,0.3877804380597677,9,1262,0.0,56.0,0.4012048864980619,varA
cardiovascular,5,contraindication,5299.0,fuse_rankavg,0.008653376417070075,0.53666755342733,9,1262,0.0,56.0,0.4012048864980619,varA
cardiovascular,5,contraindication,6021.0,p_A,0.008885934294645617,0.46499999999999997,12,1262,0.0,1.0,0.9752169158398333,varA
cardiovascular,5,contraindication,6021.0,p_B,0.008859353816881375,0.46199999999999997,12,1262,0.0,1.0,0.9752169158398333,varA
cardiovascular,5,contraindication,6021.0,fuse_rankavg,0.008863334586562296,0.4629333333333333,12,1262,0.0,1.0,0.9752169158398333,varA
cardiovascular,5,contraindication,1632.0,p_A,0.008024730821291456,0.4673228695575064,9,1262,0.0,1.0,0.9809900944505248,varA
cardiovascular,5,contraindication,1632.0,p_B,0.009191524618908431,0.48239780083355505,9,1262,0.0,1.0,0.9809900944505248,varA
cardiovascular,5,contraindication,1632.0,fuse_rankavg,0.008502765103419109,0.4734858561674204,9,1262,0.0,1.0,0.9809900944505248,varA
cardiovascular,5,contraindication,991.0,p_A,0.000792393026941363,0.5,1,1262,0.0,0.0,,varA
cardiovascular,5,contraindication,991.0,p_B,0.000792393026941363,0.5,1,1262,0.0,0.0,,varA
cardiovascular,5,contraindication,991.0,fuse_rankavg,0.000792393026941363,0.5,1,1262,0.0,0.0,,varA
cardiovascular,5,contraindication,6786.0,p_A,0.01619047343592388,0.8793720190779015,4,1262,0.0,3.0,0.4043136023243485,varA
cardiovascular,5,contraindication,6786.0,p_B,0.004017442009008865,0.5288155802861685,4,1262,0.0,3.0,0.4043136023243485,varA
cardiovascular,5,contraindication,6786.0,fuse_rankavg,0.00834921914133712,0.7620230524642289,4,1262,0.0,3.0,0.4043136023243485,varA
cardiovascular,5,contraindication,8585.0,p_A,0.009230931696765771,0.47462211614956246,5,1262,0.0,5.0,0.17935580036784232,varA
cardiovascular,5,contraindication,8585.0,p_B,0.00400809111854993,0.3777247414478918,5,1262,0.0,5.0,0.17935580036784232,varA
cardiovascular,5,contraindication,8585.0,fuse_rankavg,0.004228022595629907,0.4023866348448687,5,1262,0.0,5.0,0.17935580036784232,varA
cardiovascular,5,contraindication,4717.0,p_A,0.002377179080824089,0.5,3,1262,0.0,0.0,,varA
cardiovascular,5,contraindication,4717.0,p_B,0.002377179080824089,0.5,3,1262,0.0,0.0,,varA
cardiovascular,5,contraindication,4717.0,fuse_rankavg,0.002377179080824089,0.5,3,1262,0.0,0.0,,varA
cardiovascular,5,contraindication,565.0,p_A,0.010587051947882587,0.6773325358851674,8,1262,0.0,4.0,0.28832078937290223,varA
cardiovascular,5,contraindication,565.0,p_B,0.005751224158258071,0.40271132376395535,8,1262,0.0,4.0,0.28832078937290223,varA
cardiovascular,5,contraindication,565.0,fuse_rankavg,0.008193358875341684,0.5491925837320575,8,1262,0.0,4.0,0.28832078937290223,varA
cardiovascular,5,contraindication,6805.0,p_A,0.0015267175572519084,0.4813639968279143,1,1262,0.0,4.0,0.5759968531213745,varA
cardiovascular,5,contraindication,6805.0,p_B,0.004424778761061947,0.8215701823949246,1,1262,0.0,4.0,0.5759968531213745,varA
cardiovascular,5,contraindication,6805.0,fuse_rankavg,0.0025252525252525255,0.6871530531324346,1,1262,0.0,4.0,0.5759968531213745,varA
cardiovascular,5,contraindication,5356.0,p_A,0.00161561465909292,0.2702380952380952,2,1262,0.0,5.0,0.5775272577882454,varA
cardiovascular,5,contraindication,5356.0,p_B,0.0014276652621086493,0.16746031746031742,2,1262,0.0,5.0,0.5775272577882454,varA
cardiovascular,5,contraindication,5356.0,fuse_rankavg,0.00145551712105351,0.1863095238095238,2,1262,0.0,5.0,0.5775272577882454,varA
cardiovascular,5,contraindication,5201.0,p_A,0.005181166397352065,0.6478686788456447,3,1262,0.0,9.0,0.5410224149427658,varA
cardiovascular,5,contraindication,5201.0,p_B,0.003815019899053044,0.5917394757744241,3,1262,0.0,9.0,0.5410224149427658,varA
cardiovascular,5,contraindication,5201.0,fuse_rankavg,0.004191552513893104,0.6354249404289118,3,1262,0.0,9.0,0.5410224149427658,varA
cardiovascular,5,contraindication,6711.0,p_A,0.0028079938269013898,0.3159777424483307,4,1262,0.0,1.0,0.9809679816085398,varA
cardiovascular,5,contraindication,6711.0,p_B,0.0027667079499649467,0.3127980922098569,4,1262,0.0,1.0,0.9809679816085398,varA
cardiovascular,5,contraindication,6711.0,fuse_rankavg,0.0027851687805399753,0.31438791732909377,4,1262,0.0,1.0,0.9809679816085398,varA
cardiovascular,5,contraindication,1297.0,p_A,0.0031931940182481264,0.4022257551669316,4,1262,0.0,1.0,0.5237852780136334,varA
cardiovascular,5,contraindication,1297.0,p_B,0.01601801810240127,0.6748807631160572,4,1262,0.0,1.0,0.5237852780136334,varA
cardiovascular,5,contraindication,1297.0,fuse_rankavg,0.004344500143342677,0.5458068362480127,4,1262,0.0,1.0,0.5237852780136334,varA
cardiovascular,5,contraindication,5081.0,p_A,0.01142833382714934,0.3218941207768023,9,1262,0.0,4.0,0.10195926748083224,varA
cardiovascular,5,contraindication,5081.0,p_B,0.013984168895986027,0.6185155626496408,9,1262,0.0,4.0,0.10195926748083224,varA
cardiovascular,5,contraindication,5081.0,fuse_rankavg,0.0065083636400954615,0.4385918240666844,9,1262,0.0,4.0,0.10195926748083224,varA
cardiovascular,5,contraindication,1072.0,p_A,0.006339144215530904,0.5,8,1262,0.0,0.0,,varA
cardiovascular,5,contraindication,1072.0,p_B,0.006339144215530904,0.5,8,1262,0.0,0.0,,varA
cardiovascular,5,contraindication,1072.0,fuse_rankavg,0.006339144215530904,0.5,8,1262,0.0,0.0,,varA
cardiovascular,5,contraindication,17991.0,p_A,1.0,1.0,2,1262,0.0,13.0,0.5298082955190563,varA
cardiovascular,5,contraindication,17991.0,p_B,0.45,0.9984126984126984,2,1262,0.0,13.0,0.5298082955190563,varA
cardiovascular,5,contraindication,17991.0,fuse_rankavg,0.8333333333333333,0.9998015873015873,2,1262,0.0,13.0,0.5298082955190563,varA
cardiovascular,5,contraindication,10771.0,p_A,0.020326282898787427,0.7650540694365395,7,1262,0.0,5.0,0.4299416115740509,varA
cardiovascular,5,contraindication,10771.0,p_B,0.01375603886685716,0.7327262379055208,7,1262,0.0,5.0,0.4299416115740509,varA
cardiovascular,5,contraindication,10771.0,fuse_rankavg,0.02001207324018756,0.7997723392145702,7,1262,0.0,5.0,0.4299416115740509,varA
cardiovascular,5,contraindication,24573.0,p_A,0.009266531488505848,0.5806508823268599,9,1262,0.0,15.0,0.5417830021567176,varA
cardiovascular,5,contraindication,24573.0,p_B,0.007324522181987475,0.4952558304513611,9,1262,0.0,15.0,0.5417830021567176,varA
cardiovascular,5,contraindication,24573.0,fuse_rankavg,0.00807699610983064,0.5406136383790016,9,1262,0.0,15.0,0.5417830021567176,varA
cardiovascular,5,contraindication,745.0,p_A,0.004739336492890996,0.8334655035685964,1,1262,0.0,6.0,0.5625873398675186,varA
cardiovascular,5,contraindication,745.0,p_B,0.0034129692832764505,0.768437747819191,1,1262,0.0,6.0,0.5625873398675186,varA
cardiovascular,5,contraindication,745.0,fuse_rankavg,0.00558659217877095,0.859238699444885,1,1262,0.0,6.0,0.5625873398675186,varA
cardiovascular,5,contraindication,8889.0,p_A,0.0037321575775162708,0.4922496025437202,4,1262,0.0,2.0,0.545867215728566,varA
cardiovascular,5,contraindication,8889.0,p_B,0.0036077411803068903,0.47496025437201905,4,1262,0.0,2.0,0.545867215728566,varA
cardiovascular,5,contraindication,8889.0,fuse_rankavg,0.0036379106687132296,0.4737678855325914,4,1262,0.0,2.0,0.545867215728566,varA
cardiovascular,5,contraindication,5852.0,p_A,0.0019680930395117894,0.22345777071750064,3,1262,0.0,1.0,0.9817926371888298,varA
cardiovascular,5,contraindication,5852.0,p_B,0.001991539380829224,0.22981202012178978,3,1262,0.0,1.0,0.9817926371888298,varA
cardiovascular,5,contraindication,5852.0,fuse_rankavg,0.0019795713516445393,0.22372253110934603,3,1262,0.0,1.0,0.9817926371888298,varA
cardiovascular,5,contraindication,6686.0,p_A,0.004332907236133042,0.577707175006619,3,1262,0.0,11.0,0.3821520648169233,varA
cardiovascular,5,contraindication,6686.0,p_B,0.0022749798952801112,0.3288324066719619,3,1262,0.0,11.0,0.3821520648169233,varA
cardiovascular,5,contraindication,6686.0,fuse_rankavg,0.0027207150585239525,0.4297061159650516,3,1262,0.0,11.0,0.3821520648169233,varA
cardiovascular,5,contraindication,944.0,p_A,0.0038429793571935367,0.5528196981731532,3,1262,0.0,13.0,0.3337306097441531,varA
cardiovascular,5,contraindication,944.0,p_B,0.0023166041095576766,0.34021710352131324,3,1262,0.0,13.0,0.3337306097441531,varA
cardiovascular,5,contraindication,944.0,fuse_rankavg,0.0026863049908803535,0.4252051893036801,3,1262,0.0,13.0,0.3337306097441531,varA
cardiovascular,5,contraindication,4910.0,p_A,0.0031664857246252592,0.6349206349206349,2,1262,0.0,3.0,0.47606998896183417,varA
cardiovascular,5,contraindication,4910.0,p_B,0.0032195830204909677,0.6416666666666666,2,1262,0.0,3.0,0.47606998896183417,varA
cardiovascular,5,contraindication,4910.0,fuse_rankavg,0.003632893374741201,0.6827380952380953,2,1262,0.0,3.0,0.47606998896183417,varA
cardiovascular,5,contraindication,1298.0,p_A,0.0032117251133980396,0.6396825396825396,2,1262,0.0,1.0,0.5091603166234663,varA
cardiovascular,5,contraindication,1298.0,p_B,0.005351750722775458,0.7797619047619048,2,1262,0.0,1.0,0.5091603166234663,varA
cardiovascular,5,contraindication,1298.0,fuse_rankavg,0.00503954475308642,0.7712301587301587,2,1262,0.0,1.0,0.5091603166234663,varA
cardiovascular,5,contraindication,1641.0,p_A,0.0042996318583259615,0.6060365369340747,3,1262,0.0,2.0,0.16252943892475955,varA
cardiovascular,5,contraindication,1641.0,p_B,0.0027965713429325945,0.45697643632512575,3,1262,0.0,2.0,0.16252943892475955,varA
cardiovascular,5,contraindication,1641.0,fuse_rankavg,0.003948738118208905,0.5374635954461213,3,1262,0.0,2.0,0.16252943892475955,varA
cardiovascular,5,contraindication,5385.0,p_A,0.010101010101010102,0.9222839016653449,1,1262,0.0,30.0,-0.17029676860140178,varA
cardiovascular,5,contraindication,5385.0,p_B,0.0008576329331046312,0.07613005551149876,1,1262,0.0,30.0,-0.17029676860140178,varA
cardiovascular,5,contraindication,5385.0,fuse_rankavg,0.0014792899408284023,0.464710547184774,1,1262,0.0,30.0,-0.17029676860140178,varA
cardiovascular,5,contraindication,1956.0,p_A,0.0014705882352941176,0.46153846153846156,1,1262,0.0,2.0,0.25371924449001454,varA
cardiovascular,5,contraindication,1956.0,p_B,0.001141552511415525,0.3061062648691515,1,1262,0.0,2.0,0.25371924449001454,varA
cardiovascular,5,contraindication,1956.0,fuse_rankavg,0.0011507479861910242,0.31165741475019826,1,1262,0.0,2.0,0.25371924449001454,varA
cardiovascular,5,contraindication,1221.0,p_A,0.0026187440257628507,0.32803812549642575,3,1262,0.0,3.0,0.21775734985390877,varA
cardiovascular,5,contraindication,1221.0,p_B,0.0054095759475417645,0.4040243579560498,3,1262,0.0,3.0,0.21775734985390877,varA
cardiovascular,5,contraindication,1221.0,fuse_rankavg,0.002318154863893748,0.335186656076251,3,1262,0.0,3.0,0.21775734985390877,varA
cardiovascular,5,contraindication,945.0,p_A,0.001366120218579235,0.42030134813639963,1,1262,0.0,4.0,0.13949845830829122,varA
cardiovascular,5,contraindication,945.0,p_B,0.0018050541516245488,0.5614591593973037,1,1262,0.0,4.0,0.13949845830829122,varA
cardiovascular,5,contraindication,945.0,fuse_rankavg,0.0014947683109118087,0.47026169706582077,1,1262,0.0,4.0,0.13949845830829122,varA
cardiovascular,5,contraindication,1954.0,p_A,0.003076923076923077,0.7430610626486915,1,1262,0.0,1.0,0.981195973287354,varA
cardiovascular,5,contraindication,1954.0,p_B,0.004694835680751174,0.8318794607454402,1,1262,0.0,1.0,0.981195973287354,varA
cardiovascular,5,contraindication,1954.0,fuse_rankavg,0.003676470588235294,0.7850911974623316,1,1262,0.0,1.0,0.981195973287354,varA
cardiovascular,5,contraindication,6936.0,p_A,0.0019705997359628644,0.40634920634920635,2,1262,0.0,2.0,0.9811872087396152,varA
cardiovascular,5,contraindication,6936.0,p_B,0.002034342318004134,0.43015873015873013,2,1262,0.0,2.0,0.9811872087396152,varA
cardiovascular,5,contraindication,6936.0,fuse_rankavg,0.002000854811295437,0.4188492063492064,2,1262,0.0,2.0,0.9811872087396152,varA
cardiovascular,5,contraindication,1612.0,p_A,0.0009823182711198428,0.19349722442505946,1,1262,0.0,9.0,0.2447700740607269,varA
cardiovascular,5,contraindication,1612.0,p_B,0.0018726591760299626,0.5773195876288659,1,1262,0.0,9.0,0.2447700740607269,varA
cardiovascular,5,contraindication,1612.0,fuse_rankavg,0.0011668611435239206,0.3211736716891356,1,1262,0.0,9.0,0.2447700740607269,varA
cardiovascular,5,contraindication,6690.0,p_A,0.0010245901639344263,0.22680412371134018,1,1262,0.0,8.0,0.5148436004368064,varA
cardiovascular,5,contraindication,6690.0,p_B,0.0017921146953405018,0.5582870737509913,1,1262,0.0,8.0,0.5148436004368064,varA
cardiovascular,5,contraindication,6690.0,fuse_rankavg,0.0012224938875305623,0.352498017446471,1,1262,0.0,8.0,0.5148436004368064,varA
cardiovascular,5,contraindication,4625.0,p_A,0.0014669502406908894,0.20277777777777778,2,1262,0.0,3.0,-0.023126453288736828,varA
cardiovascular,5,contraindication,4625.0,p_B,0.0425392670157068,0.5416666666666666,2,1262,0.0,3.0,-0.023126453288736828,varA
cardiovascular,5,contraindication,4625.0,fuse_rankavg,0.0022080868187362495,0.3759920634920635,2,1262,0.0,3.0,-0.023126453288736828,varA
cardiovascular,5,off-label use,17991.0,p_A,0.8357142857142856,0.9963525835866262,7,477,0.0,13.0,0.5996077060117007,varA
cardiovascular,5,off-label use,17991.0,p_B,0.04088788610672778,0.8133738601823708,7,477,0.0,13.0,0.5996077060117007,varA
cardiovascular,5,off-label use,17991.0,fuse_rankavg,0.11866486004892163,0.9411854103343464,7,477,0.0,13.0,0.5996077060117007,varA
cardiovascular,5,off-label use,5267.0,p_A,0.08330403056382275,0.9124620060790274,7,477,0.0,59.0,0.08352760528458036,varA
cardiovascular,5,off-label use,5267.0,p_B,0.06913710614011316,0.8927051671732523,7,477,0.0,59.0,0.08352760528458036,varA
cardiovascular,5,off-label use,5267.0,fuse_rankavg,0.3266106442577031,0.9832826747720365,7,477,0.0,59.0,0.08352760528458036,varA
cardiovascular,5,off-label use,5904.0,p_A,0.10144630791109335,0.9136460554371003,8,477,0.0,8.0,0.1283077208001227,varA
cardiovascular,5,off-label use,5904.0,p_B,0.017565254846841374,0.5018656716417911,8,477,0.0,8.0,0.1283077208001227,varA
cardiovascular,5,off-label use,5904.0,fuse_rankavg,0.044942904933767694,0.8039712153518123,8,477,0.0,8.0,0.1283077208001227,varA
cardiovascular,5,off-label use,4496.0,p_A,0.12403223926758779,0.9443768996960487,7,477,0.0,12.0,0.23569399852668618,varA
cardiovascular,5,off-label use,4496.0,p_B,0.028298418392496895,0.727355623100304,7,477,0.0,12.0,0.23569399852668618,varA
cardiovascular,5,off-label use,4496.0,fuse_rankavg,0.151854635681695,0.953951367781155,7,477,0.0,12.0,0.23569399852668618,varA
cardiovascular,5,off-label use,18882.0,p_A,0.2575451833442227,0.9418976545842217,8,477,0.0,21.0,0.1318615858993088,varA
cardiovascular,5,off-label use,18882.0,p_B,0.03740212156799241,0.7707889125799574,8,477,0.0,21.0,0.1318615858993088,varA
cardiovascular,5,off-label use,18882.0,fuse_rankavg,0.23757409704990348,0.9577558635394456,8,477,0.0,21.0,0.1318615858993088,varA
cardiovascular,5,off-label use,1221.0,p_A,0.007692307692307693,0.7289915966386554,1,477,0.0,3.0,0.5469630247989395,varA
cardiovascular,5,off-label use,1221.0,p_B,0.0037313432835820895,0.43907563025210083,1,477,0.0,3.0,0.5469630247989395,varA
cardiovascular,5,off-label use,1221.0,fuse_rankavg,0.005319148936170213,0.6081932773109243,1,477,0.0,3.0,0.5469630247989395,varA
cardiovascular,5,off-label use,11057.0,p_A,0.052380952380952375,0.9252631578947369,2,477,0.0,30.0,-0.039302097053510586,varA
cardiovascular,5,off-label use,11057.0,p_B,0.00449854205033763,0.31894736842105265,2,477,0.0,30.0,-0.039302097053510586,varA
cardiovascular,5,off-label use,11057.0,fuse_rankavg,0.010352741605548072,0.7057894736842105,2,477,0.0,30.0,-0.039302097053510586,varA
cardiovascular,5,off-label use,2679.0,p_A,0.04636091724825524,0.9231578947368421,2,477,0.0,10.0,0.44513973676609,varA
cardiovascular,5,off-label use,2679.0,p_B,0.006857571759996361,0.5557894736842105,2,477,0.0,10.0,0.44513973676609,varA
cardiovascular,5,off-label use,2679.0,fuse_rankavg,0.015567765567765568,0.8057894736842105,2,477,0.0,10.0,0.44513973676609,varA
cardiovascular,5,off-label use,11479.0,p_A,0.06412563042109902,0.8835866261398175,7,477,0.0,5.0,-0.004091500250850334,varA
cardiovascular,5,off-label use,11479.0,p_B,0.03339803589019131,0.7525835866261398,7,477,0.0,5.0,-0.004091500250850334,varA
cardiovascular,5,off-label use,11479.0,fuse_rankavg,0.13060874653741814,0.9317629179331306,7,477,0.0,5.0,-0.004091500250850334,varA
cardiovascular,5,off-label use,4981.0,p_A,0.12938127287053658,0.7563700918964077,21,477,0.0,132.0,0.22420867430781197,varA
cardiovascular,5,off-label use,4981.0,p_B,0.028685194824018847,0.25762322472848787,21,477,0.0,132.0,0.22420867430781197,varA
cardiovascular,5,off-label use,4981.0,fuse_rankavg,0.04644614010685151,0.5006265664160401,21,477,0.0,132.0,0.22420867430781197,varA
cardiovascular,5,off-label use,4910.0,p_A,0.049022877867304665,0.8609341825902336,6,477,0.0,3.0,0.1592568196047483,varA
cardiovascular,5,off-label use,4910.0,p_B,0.017316900008046338,0.5927105449398443,6,477,0.0,3.0,0.1592568196047483,varA
cardiovascular,5,off-label use,4910.0,fuse_rankavg,0.03954677331915328,0.8151096956829441,6,477,0.0,3.0,0.1592568196047483,varA
cardiovascular,5,off-label use,6727.0,p_A,0.05671618175253297,0.6221804511278195,21,477,0.0,29.0,0.4575919750006564,varA
cardiovascular,5,off-label use,6727.0,p_B,0.04394951573563067,0.5153508771929824,21,477,0.0,29.0,0.4575919750006564,varA
cardiovascular,5,off-label use,6727.0,fuse_rankavg,0.04770954370630179,0.5648496240601504,21,477,0.0,29.0,0.4575919750006564,varA
cardiovascular,5,off-label use,1298.0,p_A,0.05049562815755623,0.8634111818825194,6,477,0.0,1.0,0.2126078069046727,varA
cardiovascular,5,off-label use,1298.0,p_B,0.022469858189640105,0.6939136588818117,6,477,0.0,1.0,0.2126078069046727,varA
cardiovascular,5,off-label use,1298.0,fuse_rankavg,0.06855020796197267,0.8791578202406228,6,477,0.0,1.0,0.2126078069046727,varA
cardiovascular,5,off-label use,5044.0,p_A,0.03377659574468085,0.911578947368421,2,477,0.0,19.0,0.11830787283062834,varA
cardiovascular,5,off-label use,5044.0,p_B,0.006322016858711623,0.5178947368421052,2,477,0.0,19.0,0.11830787283062834,varA
cardiovascular,5,off-label use,5044.0,fuse_rankavg,0.01639784946236559,0.8121052631578947,2,477,0.0,19.0,0.11830787283062834,varA
cardiovascular,5,off-label use,6981.0,p_A,0.010311457064136897,0.364406779661017,5,477,0.0,51.0,0.21636699611216534,varA
cardiovascular,5,off-label use,6981.0,p_B,0.028704075420436723,0.6851694915254237,5,477,0.0,51.0,0.21636699611216534,varA
cardiovascular,5,off-label use,6981.0,fuse_rankavg,0.012202149660469275,0.5116525423728814,5,477,0.0,51.0,0.21636699611216534,varA
cardiovascular,5,off-label use,8364.0,p_A,0.010128782152591675,0.5100422832980973,4,477,0.0,5.0,0.6524116046267028,varA
cardiovascular,5,off-label use,8364.0,p_B,0.0064843117654910685,0.23255813953488372,4,477,0.0,5.0,0.6524116046267028,varA
cardiovascular,5,off-label use,8364.0,fuse_rankavg,0.007551711879286179,0.34249471458773784,4,477,0.0,5.0,0.6524116046267028,varA
cardiovascular,5,off-label use,5068.0,p_A,0.07274200612790231,0.868945868945869,9,477,0.0,83.0,0.3289714030618943,varA
cardiovascular,5,off-label use,5068.0,p_B,0.015571700596432564,0.36158594491927826,9,477,0.0,83.0,0.3289714030618943,varA
cardiovascular,5,off-label use,5068.0,fuse_rankavg,0.03055684869934356,0.642094017094017,9,477,0.0,83.0,0.3289714030618943,varA
cardiovascular,5,off-label use,6716.0,p_A,0.08373005518356055,0.8872269705603039,9,477,0.0,87.0,0.559393149505417,varA
cardiovascular,5,off-label use,6716.0,p_B,0.07415989835442749,0.8649097815764483,9,477,0.0,87.0,0.559393149505417,varA
cardiovascular,5,off-label use,6716.0,fuse_rankavg,0.1839796920428283,0.9274691358024691,9,477,0.0,87.0,0.559393149505417,varA
cardiovascular,5,off-label use,745.0,p_A,0.004310344827586207,0.5147058823529411,1,477,0.0,6.0,0.48715234424129167,varA
cardiovascular,5,off-label use,745.0,p_B,0.003952569169960474,0.47058823529411764,1,477,0.0,6.0,0.48715234424129167,varA
cardiovascular,5,off-label use,745.0,fuse_rankavg,0.00390625,0.4642857142857143,1,477,0.0,6.0,0.48715234424129167,varA
cardiovascular,5,off-label use,4745.0,p_A,0.022439068532818532,0.748945147679325,3,477,0.0,2.0,0.8987470198565659,varA
cardiovascular,5,off-label use,4745.0,p_B,0.005804007783670695,0.29043600562587907,3,477,0.0,2.0,0.8987470198565659,varA
cardiovascular,5,off-label use,4745.0,fuse_rankavg,0.008513779853824349,0.5260196905766525,3,477,0.0,2.0,0.8987470198565659,varA
cardiovascular,5,off-label use,6021.0,p_A,0.00527987404310766,0.42210526315789476,2,477,0.0,1.0,0.9513402871165202,varA
cardiovascular,5,off-label use,6021.0,p_B,0.005161223053462972,0.34736842105263155,2,477,0.0,1.0,0.9513402871165202,varA
cardiovascular,5,off-label use,6021.0,fuse_rankavg,0.005076272933415791,0.38263157894736843,2,477,0.0,1.0,0.9513402871165202,varA
cardiovascular,5,off-label use,5264.0,p_A,0.07393483709273183,0.9610526315789474,2,477,0.0,50.0,0.08921244051806468,varA
cardiovascular,5,off-label use,5264.0,p_B,0.0052611143467287905,0.41578947368421054,2,477,0.0,50.0,0.08921244051806468,varA
cardiovascular,5,off-label use,5264.0,fuse_rankavg,0.014531375703942076,0.7915789473684212,2,477,0.0,50.0,0.08921244051806468,varA
cardiovascular,5,off-label use,5299.0,p_A,0.012987012987012988,0.8403361344537815,1,477,0.0,56.0,0.10863574734741319,varA
cardiovascular,5,off-label use,5299.0,p_B,0.0041841004184100415,0.5,1,477,0.0,56.0,0.10863574734741319,varA
cardiovascular,5,off-label use,5299.0,fuse_rankavg,0.009259259259259259,0.7762605042016807,1,477,0.0,56.0,0.10863574734741319,varA
cardiovascular,5,off-label use,5294.0,p_A,0.0078125,0.7331932773109244,1,477,0.0,9.0,0.1179527295695187,varA
cardiovascular,5,off-label use,5294.0,p_B,0.003355704697986577,0.3760504201680672,1,477,0.0,9.0,0.1179527295695187,varA
cardiovascular,5,off-label use,5294.0,fuse_rankavg,0.005649717514124294,0.6323529411764706,1,477,0.0,9.0,0.1179527295695187,varA
cardiovascular,5,off-label use,5386.0,p_A,0.004807692307692308,0.5651260504201681,1,477,0.0,3.0,-0.04878227711291305,varA
cardiovascular,5,off-label use,5386.0,p_B,0.0029585798816568047,0.29201680672268904,1,477,0.0,3.0,-0.04878227711291305,varA
cardiovascular,5,off-label use,5386.0,fuse_rankavg,0.003194888178913738,0.3445378151260504,1,477,0.0,3.0,-0.04878227711291305,varA
cardiovascular,5,off-label use,5295.0,p_A,0.0035460992907801418,0.4096638655462185,1,477,0.0,2.0,0.9218913700574535,varA
cardiovascular,5,off-label use,5295.0,p_B,0.003236245954692557,0.3529411764705882,1,477,0.0,2.0,0.9218913700574535,varA
cardiovascular,5,off-label use,5295.0,fuse_rankavg,0.0033444816053511705,0.375,1,477,0.0,2.0,0.9218913700574535,varA
cardiovascular,5,off-label use,1613.0,p_A,0.015151515151515152,0.8634453781512605,1,477,0.0,10.0,0.36397645462096717,varA
cardiovascular,5,off-label use,1613.0,p_B,0.003067484662576687,0.3172268907563025,1,477,0.0,10.0,0.36397645462096717,varA
cardiovascular,5,off-label use,1613.0,fuse_rankavg,0.0055248618784530384,0.6218487394957983,1,477,0.0,10.0,0.36397645462096717,varA
cardiovascular,5,off-label use,6809.0,p_A,0.16666666666666666,0.9894957983193278,1,477,0.0,1.0,-0.5039507752864737,varA
cardiovascular,5,off-label use,6809.0,p_B,0.0043859649122807015,0.5231092436974789,1,477,0.0,1.0,-0.5039507752864737,varA
cardiovascular,5,off-label use,6809.0,fuse_rankavg,0.058823529411764705,0.9663865546218487,1,477,0.0,1.0,-0.5039507752864737,varA
